"hsa_nci_id","breakpoint","early.ci","late.ci","time.to.outcome","early.tto","late.tto","outcome"
409,"09/17/2024","9/12/2024","9/21/2024",696,691,700,1
164,"09/19/2024","9/16/2024","9/21/2024",698,695,700,1
504,"09/19/2024","9/15/2024","9/23/2024",698,694,702,1
516,"09/19/2024","9/17/2024","9/20/2024",698,696,699,1
187,"09/23/2024","9/20/2024","9/25/2024",702,699,704,1
482,"09/23/2024","9/17/2024","9/29/2024",702,696,708,1
403,"09/24/2024","9/21/2024","9/26/2024",703,700,705,1
415,"09/24/2024","9/19/2024","9/28/2024",703,698,707,1
456,"09/24/2024","9/21/2024","9/27/2024",703,700,706,1
830,"09/24/2024","9/22/2024","9/27/2024",703,701,706,1
190,"09/25/2024","9/21/2024","9/29/2024",704,700,708,1
153,"09/26/2024","9/22/2024","9/30/2024",705,701,709,1
154,"09/26/2024","9/22/2024","10/1/2024",705,701,710,1
477,"09/26/2024","9/23/2024","9/29/2024",705,702,708,1
500,"09/26/2024","9/24/2024","9/29/2024",705,703,708,1
252,"09/29/2024","9/26/2024","10/2/2024",708,705,711,1
418,"09/29/2024","9/26/2024","10/3/2024",708,705,712,1
423,"09/30/2024","9/29/2024","10/2/2024",709,708,711,1
471,"09/30/2024","9/27/2024","10/4/2024",709,706,713,1
779,"09/30/2024","9/26/2024","10/3/2024",709,705,712,1
934,"09/30/2024","9/23/2024","10/6/2024",709,702,715,1
146,"10/01/2024","9/25/2024","10/6/2024",710,704,715,1
411,"10/01/2024","9/27/2024","10/5/2024",710,706,714,1
467,"10/01/2024","9/28/2024","10/4/2024",710,707,713,1
885,"10/01/2024","9/28/2024","10/4/2024",710,707,713,1
890,"10/01/2024","9/29/2024","10/3/2024",710,708,712,1
160,"10/02/2024","9/29/2024","10/5/2024",711,708,714,1
828,"10/02/2024","9/28/2024","10/6/2024",711,707,715,1
886,"10/02/2024","9/29/2024","10/6/2024",711,708,715,1
119,"10/03/2024","9/30/2024","10/5/2024",712,709,714,1
508,"10/03/2024","9/28/2024","10/7/2024",712,707,716,1
801,"10/03/2024","9/29/2024","10/7/2024",712,708,716,1
18,"10/05/2024","9/26/2024","10/13/2024",714,705,722,1
730,"10/06/2024","10/4/2024","10/9/2024",715,713,718,1
936,"10/06/2024","10/4/2024","10/9/2024",715,713,718,1
123,"10/07/2024","10/5/2024","10/10/2024",716,714,719,1
148,"10/07/2024","10/3/2024","10/12/2024",716,712,721,1
170,"10/07/2024","10/4/2024","10/9/2024",716,713,718,1
184,"10/07/2024","10/3/2024","10/10/2024",716,712,719,1
194,"10/07/2024","10/3/2024","10/11/2024",716,712,720,1
481,"10/07/2024","10/4/2024","10/9/2024",716,713,718,1
147,"10/08/2024","10/3/2024","10/12/2024",717,712,721,1
157,"10/08/2024","10/1/2024","10/14/2024",717,710,723,1
182,"10/08/2024","10/2/2024","10/14/2024",717,711,723,1
218,"10/08/2024","10/4/2024","10/12/2024",717,713,721,1
235,"10/08/2024","10/5/2024","10/11/2024",717,714,720,1
272,"10/08/2024","9/30/2024","10/16/2024",717,709,725,1
487,"10/08/2024","10/5/2024","10/10/2024",717,714,719,1
518,"10/08/2024","10/6/2024","10/11/2024",717,715,720,1
523,"10/08/2024","10/5/2024","10/11/2024",717,714,720,1
649,"10/08/2024","10/6/2024","10/11/2024",717,715,720,1
7,"10/09/2024","10/2/2024","10/15/2024",718,711,724,1
215,"10/10/2024","10/5/2024","10/14/2024",719,714,723,1
260,"10/10/2024","10/4/2024","10/16/2024",719,713,725,1
70,"10/10/2024","10/4/2024","10/15/2024",719,713,724,1
416,"10/13/2024","10/8/2024","10/18/2024",722,717,727,1
887,"10/13/2024","10/9/2024","10/18/2024",722,718,727,1
243,"10/14/2024","10/9/2024","10/19/2024",723,718,728,1
33,"10/14/2024","10/9/2024","10/19/2024",723,718,728,1
506,"10/14/2024","10/11/2024","10/18/2024",723,720,727,1
628,"10/14/2024","10/11/2024","10/18/2024",723,720,727,1
71,"10/14/2024","10/10/2024","10/19/2024",723,719,728,1
102,"10/15/2024","10/12/2024","10/18/2024",724,721,727,1
167,"10/15/2024","10/10/2024","10/19/2024",724,719,728,1
192,"10/15/2024","10/9/2024","10/21/2024",724,718,730,1
198,"10/15/2024","10/12/2024","10/19/2024",724,721,728,1
246,"10/15/2024","10/11/2024","10/19/2024",724,720,728,1
444,"10/15/2024","10/9/2024","10/20/2024",724,718,729,1
450,"10/15/2024","10/12/2024","10/18/2024",724,721,727,1
62,"10/15/2024","10/9/2024","10/20/2024",724,718,729,1
63,"10/15/2024","10/9/2024","10/21/2024",724,718,730,1
716,"10/15/2024","10/13/2024","10/18/2024",724,722,727,1
77,"10/15/2024","10/10/2024","10/20/2024",724,719,729,1
793,"10/15/2024","10/12/2024","10/18/2024",724,721,727,1
99,"10/15/2024","10/11/2024","10/19/2024",724,720,728,1
109,"10/16/2024","10/11/2024","10/20/2024",725,720,729,1
135,"10/16/2024","10/12/2024","10/20/2024",725,721,729,1
186,"10/16/2024","10/11/2024","10/21/2024",725,720,730,1
203,"10/16/2024","10/13/2024","10/19/2024",725,722,728,1
212,"10/16/2024","10/10/2024","10/23/2024",725,719,732,1
226,"10/16/2024","10/10/2024","10/21/2024",725,719,730,1
232,"10/16/2024","10/9/2024","10/23/2024",725,718,732,1
31,"10/16/2024","10/10/2024","10/21/2024",725,719,730,1
358,"10/16/2024","10/10/2024","10/22/2024",725,719,731,1
406,"10/16/2024","10/11/2024","10/20/2024",725,720,729,1
454,"10/16/2024","10/13/2024","10/20/2024",725,722,729,1
5,"10/16/2024","10/11/2024","10/21/2024",725,720,730,1
60,"10/16/2024","10/11/2024","10/21/2024",725,720,730,1
760,"10/16/2024","10/12/2024","10/20/2024",725,721,729,1
767,"10/16/2024","10/13/2024","10/18/2024",725,722,727,1
772,"10/16/2024","10/11/2024","10/20/2024",725,720,729,1
851,"10/16/2024","10/11/2024","10/22/2024",725,720,731,1
2,"10/17/2024","10/10/2024","10/23/2024",726,719,732,1
267,"10/17/2024","10/14/2024","10/20/2024",726,723,729,1
310,"10/17/2024","10/13/2024","10/20/2024",726,722,729,1
61,"10/17/2024","10/13/2024","10/21/2024",726,722,730,1
725,"10/17/2024","10/11/2024","10/23/2024",726,720,732,1
540,"10/20/2024","10/18/2024","10/21/2024",729,727,730,1
13,"10/21/2024","10/18/2024","10/25/2024",730,727,734,1
168,"10/21/2024","10/16/2024","10/26/2024",730,725,735,1
229,"10/21/2024","10/17/2024","10/26/2024",730,726,735,1
50,"10/21/2024","10/18/2024","10/24/2024",730,727,733,1
671,"10/21/2024","10/18/2024","10/25/2024",730,727,734,1
695,"10/21/2024","10/18/2024","10/25/2024",730,727,734,1
732,"10/21/2024","10/10/2024","11/1/2024",730,719,741,1
741,"10/21/2024","10/18/2024","10/25/2024",730,727,734,1
883,"10/21/2024","10/17/2024","10/25/2024",730,726,734,1
104,"10/22/2024","10/18/2024","10/25/2024",731,727,734,1
116,"10/22/2024","10/18/2024","10/26/2024",731,727,735,1
131,"10/22/2024","10/17/2024","10/27/2024",731,726,736,1
169,"10/22/2024","10/13/2024","10/30/2024",731,722,739,1
205,"10/22/2024","10/19/2024","10/26/2024",731,728,735,1
207,"10/22/2024","10/19/2024","10/25/2024",731,728,734,1
25,"10/22/2024","10/16/2024","10/28/2024",731,725,737,1
303,"10/22/2024","10/16/2024","10/27/2024",731,725,736,1
349,"10/22/2024","10/14/2024","10/30/2024",731,723,739,1
564,"10/22/2024","10/19/2024","10/25/2024",731,728,734,1
69,"10/22/2024","10/18/2024","10/27/2024",731,727,736,1
703,"10/22/2024","10/19/2024","10/26/2024",731,728,735,1
711,"10/22/2024","10/18/2024","10/25/2024",731,727,734,1
866,"10/22/2024","10/18/2024","10/26/2024",731,727,735,1
869,"10/22/2024","10/18/2024","10/26/2024",731,727,735,1
964,"10/22/2024","10/19/2024","10/25/2024",731,728,734,1
149,"10/23/2024","10/17/2024","10/28/2024",732,726,737,1
16,"10/23/2024","10/18/2024","10/27/2024",732,727,736,1
262,"10/23/2024","10/19/2024","10/26/2024",732,728,735,1
305,"10/23/2024","10/16/2024","10/29/2024",732,725,738,1
39,"10/23/2024","10/17/2024","10/29/2024",732,726,738,1
616,"10/23/2024","10/19/2024","10/27/2024",732,728,736,1
647,"10/23/2024","10/20/2024","10/26/2024",732,729,735,1
686,"10/23/2024","10/21/2024","10/26/2024",732,730,735,1
693,"10/23/2024","10/19/2024","10/27/2024",732,728,736,1
708,"10/23/2024","10/20/2024","10/26/2024",732,729,735,1
749,"10/23/2024","10/21/2024","10/26/2024",732,730,735,1
861,"10/23/2024","10/15/2024","10/30/2024",732,724,739,1
913,"10/23/2024","10/19/2024","10/28/2024",732,728,737,1
242,"10/24/2024","10/19/2024","10/28/2024",733,728,737,1
83,"10/25/2024","10/15/2024","11/3/2024",734,724,743,1
51,"10/26/2024","10/18/2024","11/3/2024",735,727,743,1
401,"10/27/2024","10/21/2024","11/3/2024",736,730,743,1
92,"10/27/2024","10/23/2024","11/1/2024",736,732,741,1
106,"10/28/2024","10/24/2024","11/1/2024",737,733,741,1
299,"10/28/2024","10/21/2024","11/5/2024",737,730,745,1
30,"10/28/2024","10/24/2024","11/2/2024",737,733,742,1
300,"10/28/2024","10/22/2024","11/4/2024",737,731,744,1
36,"10/28/2024","10/21/2024","11/3/2024",737,730,743,1
364,"10/28/2024","10/21/2024","11/3/2024",737,730,743,1
414,"10/28/2024","10/25/2024","10/31/2024",737,734,740,1
561,"10/28/2024","10/24/2024","11/1/2024",737,733,741,1
583,"10/28/2024","10/24/2024","11/1/2024",737,733,741,1
59,"10/28/2024","10/25/2024","11/1/2024",737,734,741,1
621,"10/28/2024","10/21/2024","11/4/2024",737,730,744,1
704,"10/28/2024","10/22/2024","11/4/2024",737,731,744,1
867,"10/28/2024","10/24/2024","11/1/2024",737,733,741,1
910,"10/28/2024","10/20/2024","11/6/2024",737,729,746,1
932,"10/28/2024","10/24/2024","11/2/2024",737,733,742,1
317,"10/29/2024","10/23/2024","11/3/2024",738,732,743,1
323,"10/29/2024","10/23/2024","11/3/2024",738,732,743,1
343,"10/29/2024","10/24/2024","11/2/2024",738,733,742,1
387,"10/29/2024","10/24/2024","11/3/2024",738,733,743,1
46,"10/29/2024","10/20/2024","11/7/2024",738,729,747,1
556,"10/29/2024","10/26/2024","11/2/2024",738,735,742,1
58,"10/29/2024","10/25/2024","11/1/2024",738,734,741,1
622,"10/29/2024","10/25/2024","11/2/2024",738,734,742,1
630,"10/29/2024","10/24/2024","11/3/2024",738,733,743,1
644,"10/29/2024","10/26/2024","11/1/2024",738,735,741,1
688,"10/29/2024","10/25/2024","11/2/2024",738,734,742,1
722,"10/29/2024","10/26/2024","10/31/2024",738,735,740,1
724,"10/29/2024","10/23/2024","11/4/2024",738,732,744,1
852,"10/29/2024","10/24/2024","11/3/2024",738,733,743,1
853,"10/29/2024","10/25/2024","11/3/2024",738,734,743,1
101,"10/30/2024","10/26/2024","11/4/2024",739,735,744,1
105,"10/30/2024","10/27/2024","11/3/2024",739,736,743,1
115,"10/30/2024","10/25/2024","11/4/2024",739,734,744,1
127,"10/30/2024","10/27/2024","11/2/2024",739,736,742,1
245,"10/30/2024","10/25/2024","11/3/2024",739,734,743,1
3,"10/30/2024","10/27/2024","11/2/2024",739,736,742,1
320,"10/30/2024","10/23/2024","11/6/2024",739,732,746,1
4,"10/30/2024","10/25/2024","11/4/2024",739,734,744,1
417,"10/30/2024","10/25/2024","11/5/2024",739,734,745,1
624,"10/30/2024","10/24/2024","11/5/2024",739,733,745,1
742,"10/30/2024","10/27/2024","11/2/2024",739,736,742,1
75,"10/30/2024","10/26/2024","11/3/2024",739,735,743,1
755,"10/30/2024","10/28/2024","11/2/2024",739,737,742,1
915,"10/30/2024","10/24/2024","11/5/2024",739,733,745,1
291,"10/31/2024","10/26/2024","11/4/2024",740,735,744,1
350,"10/31/2024","10/27/2024","11/3/2024",740,736,743,1
362,"10/31/2024","10/25/2024","11/6/2024",740,734,746,1
49,"10/31/2024","10/27/2024","11/4/2024",740,736,744,1
66,"10/31/2024","10/26/2024","11/4/2024",740,735,744,1
694,"10/31/2024","10/28/2024","11/3/2024",740,737,743,1
642,"11/01/2024","10/29/2024","11/3/2024",741,738,743,1
451,"11/04/2024","10/31/2024","11/7/2024",744,740,747,1
526,"11/04/2024","11/1/2024","11/7/2024",744,741,747,1
584,"11/04/2024","11/1/2024","11/7/2024",744,741,747,1
589,"11/04/2024","11/1/2024","11/7/2024",744,741,747,1
714,"11/04/2024","10/20/2024","11/19/2024",744,729,759,1
754,"11/04/2024","10/31/2024","11/9/2024",744,740,749,1
973,"11/04/2024","11/1/2024","11/7/2024",744,741,747,1
279,"11/05/2024","10/28/2024","11/12/2024",745,737,752,1
308,"11/05/2024","10/30/2024","11/11/2024",745,739,751,1
32,"11/05/2024","10/30/2024","11/10/2024",745,739,750,1
321,"11/05/2024","10/29/2024","11/12/2024",745,738,752,1
325,"11/05/2024","10/29/2024","11/12/2024",745,738,752,1
326,"11/05/2024","11/1/2024","11/8/2024",745,741,748,1
332,"11/05/2024","11/1/2024","11/9/2024",745,741,749,1
333,"11/05/2024","10/30/2024","11/11/2024",745,739,751,1
338,"11/05/2024","10/30/2024","11/12/2024",745,739,752,1
351,"11/05/2024","11/2/2024","11/9/2024",745,742,749,1
365,"11/05/2024","10/29/2024","11/12/2024",745,738,752,1
375,"11/05/2024","10/29/2024","11/13/2024",745,738,753,1
402,"11/05/2024","10/31/2024","11/11/2024",745,740,751,1
460,"11/05/2024","11/1/2024","11/8/2024",745,741,748,1
491,"11/05/2024","10/28/2024","11/12/2024",745,737,752,1
569,"11/05/2024","10/31/2024","11/9/2024",745,740,749,1
601,"11/05/2024","10/30/2024","11/11/2024",745,739,751,1
612,"11/05/2024","10/31/2024","11/10/2024",745,740,750,1
679,"11/05/2024","10/31/2024","11/9/2024",745,740,749,1
773,"11/05/2024","11/1/2024","11/9/2024",745,741,749,1
80,"11/05/2024","11/2/2024","11/9/2024",745,742,749,1
863,"11/05/2024","10/28/2024","11/13/2024",745,737,753,1
882,"11/05/2024","10/31/2024","11/9/2024",745,740,749,1
888,"11/05/2024","10/27/2024","11/13/2024",745,736,753,1
917,"11/05/2024","11/2/2024","11/8/2024",745,742,748,1
107,"11/06/2024","11/1/2024","11/12/2024",746,741,752,1
208,"11/06/2024","11/1/2024","11/11/2024",746,741,751,1
21,"11/06/2024","11/3/2024","11/9/2024",746,743,749,1
280,"11/06/2024","11/1/2024","11/12/2024",746,741,752,1
298,"11/06/2024","10/31/2024","11/11/2024",746,740,751,1
306,"11/06/2024","11/2/2024","11/10/2024",746,742,750,1
312,"11/06/2024","10/30/2024","11/13/2024",746,739,753,1
334,"11/06/2024","10/30/2024","11/13/2024",746,739,753,1
335,"11/06/2024","10/31/2024","11/12/2024",746,740,752,1
336,"11/06/2024","10/31/2024","11/12/2024",746,740,752,1
353,"11/06/2024","11/2/2024","11/10/2024",746,742,750,1
554,"11/06/2024","11/2/2024","11/10/2024",746,742,750,1
565,"11/06/2024","11/2/2024","11/10/2024",746,742,750,1
570,"11/06/2024","11/2/2024","11/10/2024",746,742,750,1
609,"11/06/2024","11/2/2024","11/10/2024",746,742,750,1
651,"11/06/2024","11/2/2024","11/11/2024",746,742,751,1
672,"11/06/2024","11/2/2024","11/10/2024",746,742,750,1
860,"11/06/2024","11/1/2024","11/12/2024",746,741,752,1
862,"11/06/2024","11/1/2024","11/11/2024",746,741,751,1
87,"11/06/2024","11/2/2024","11/10/2024",746,742,750,1
911,"11/06/2024","10/28/2024","11/15/2024",746,737,755,1
93,"11/06/2024","11/3/2024","11/10/2024",746,743,750,1
302,"11/07/2024","11/3/2024","11/11/2024",747,743,751,1
361,"11/07/2024","10/31/2024","11/13/2024",747,740,753,1
396,"11/07/2024","11/5/2024","11/10/2024",747,745,750,1
587,"11/07/2024","10/28/2024","11/17/2024",747,737,757,1
634,"11/07/2024","10/24/2024","11/20/2024",747,733,760,1
675,"11/07/2024","11/4/2024","11/10/2024",747,744,750,1
68,"11/07/2024","11/2/2024","11/11/2024",747,742,751,1
854,"11/07/2024","11/4/2024","11/10/2024",747,744,750,1
914,"11/07/2024","10/29/2024","11/15/2024",747,738,755,1
906,"11/08/2024","11/5/2024","11/10/2024",748,745,750,1
941,"11/09/2024","11/6/2024","11/12/2024",749,746,752,1
56,"11/10/2024","11/5/2024","11/16/2024",750,745,756,1
641,"11/10/2024","11/6/2024","11/14/2024",750,746,754,1
103,"11/11/2024","11/6/2024","11/17/2024",751,746,757,1
278,"11/11/2024","11/7/2024","11/16/2024",751,747,756,1
282,"11/11/2024","11/7/2024","11/14/2024",751,747,754,1
344,"11/11/2024","11/8/2024","11/15/2024",751,748,755,1
357,"11/11/2024","11/8/2024","11/14/2024",751,748,754,1
363,"11/11/2024","11/8/2024","11/15/2024",751,748,755,1
603,"11/11/2024","11/7/2024","11/15/2024",751,747,755,1
650,"11/11/2024","11/4/2024","11/18/2024",751,744,758,1
659,"11/11/2024","11/1/2024","11/21/2024",751,741,761,1
744,"11/11/2024","11/7/2024","11/15/2024",751,747,755,1
88,"11/11/2024","11/8/2024","11/15/2024",751,748,755,1
907,"11/11/2024","11/7/2024","11/15/2024",751,747,755,1
982,"11/11/2024","11/6/2024","11/16/2024",751,746,756,1
10,"11/12/2024","11/10/2024","11/15/2024",752,750,755,1
121,"11/12/2024","11/9/2024","11/16/2024",752,749,756,1
284,"11/12/2024","11/8/2024","11/17/2024",752,748,757,1
307,"11/12/2024","11/7/2024","11/18/2024",752,747,758,1
327,"11/12/2024","11/7/2024","11/17/2024",752,747,757,1
381,"11/12/2024","11/4/2024","11/20/2024",752,744,760,1
54,"11/12/2024","11/6/2024","11/18/2024",752,746,758,1
606,"11/12/2024","11/8/2024","11/16/2024",752,748,756,1
64,"11/12/2024","11/7/2024","11/17/2024",752,747,757,1
661,"11/12/2024","11/9/2024","11/15/2024",752,749,755,1
76,"11/12/2024","11/8/2024","11/15/2024",752,748,755,1
875,"11/12/2024","11/8/2024","11/15/2024",752,748,755,1
877,"11/12/2024","11/9/2024","11/14/2024",752,749,754,1
905,"11/12/2024","11/6/2024","11/18/2024",752,746,758,1
909,"11/12/2024","11/5/2024","11/18/2024",752,745,758,1
968,"11/12/2024","11/4/2024","11/20/2024",752,744,760,1
112,"11/13/2024","11/9/2024","11/18/2024",753,749,758,1
19,"11/13/2024","11/10/2024","11/17/2024",753,750,757,1
20,"11/13/2024","11/4/2024","11/21/2024",753,744,761,1
22,"11/13/2024","11/9/2024","11/17/2024",753,749,757,1
23,"11/13/2024","11/9/2024","11/17/2024",753,749,757,1
258,"11/13/2024","11/4/2024","11/22/2024",753,744,762,1
294,"11/13/2024","11/7/2024","11/19/2024",753,747,759,1
297,"11/13/2024","11/8/2024","11/18/2024",753,748,758,1
322,"11/13/2024","11/8/2024","11/18/2024",753,748,758,1
370,"11/13/2024","11/10/2024","11/16/2024",753,750,756,1
392,"11/13/2024","11/8/2024","11/18/2024",753,748,758,1
41,"11/13/2024","11/10/2024","11/16/2024",753,750,756,1
488,"11/13/2024","11/3/2024","11/23/2024",753,743,763,1
577,"11/13/2024","11/9/2024","11/16/2024",753,749,756,1
674,"11/13/2024","11/3/2024","11/22/2024",753,743,762,1
729,"11/13/2024","11/1/2024","11/25/2024",753,741,765,1
831,"11/13/2024","11/5/2024","11/21/2024",753,745,761,1
85,"11/13/2024","11/7/2024","11/19/2024",753,747,759,1
86,"11/13/2024","11/8/2024","11/17/2024",753,748,757,1
923,"11/13/2024","11/10/2024","11/16/2024",753,750,756,1
289,"11/14/2024","11/11/2024","11/17/2024",754,751,757,1
301,"11/14/2024","11/9/2024","11/18/2024",754,749,758,1
348,"11/14/2024","11/8/2024","11/19/2024",754,748,759,1
38,"11/14/2024","11/9/2024","11/18/2024",754,749,758,1
382,"11/14/2024","11/8/2024","11/19/2024",754,748,759,1
429,"11/14/2024","11/6/2024","11/22/2024",754,746,762,1
547,"11/14/2024","10/30/2024","11/30/2024",754,739,770,1
9,"11/14/2024","11/8/2024","11/19/2024",754,748,759,1
908,"11/14/2024","11/9/2024","11/18/2024",754,749,758,1
189,"11/15/2024","10/27/2024","12/4/2024",755,736,774,1
124,"11/17/2024","11/8/2024","11/26/2024",757,748,766,1
385,"11/17/2024","11/12/2024","11/22/2024",757,752,762,1
286,"11/18/2024","11/13/2024","11/23/2024",758,753,763,1
324,"11/18/2024","11/14/2024","11/23/2024",758,754,763,1
367,"11/18/2024","11/7/2024","11/29/2024",758,747,769,1
378,"11/18/2024","11/12/2024","11/23/2024",758,752,763,1
588,"11/18/2024","11/15/2024","11/22/2024",758,755,762,1
769,"11/18/2024","11/13/2024","11/24/2024",758,753,764,1
855,"11/18/2024","11/10/2024","11/25/2024",758,750,765,1
98,"11/18/2024","11/15/2024","11/21/2024",758,755,761,1
108,"11/19/2024","11/15/2024","11/22/2024",759,755,762,1
11,"11/19/2024","11/11/2024","11/26/2024",759,751,766,1
136,"11/19/2024","11/16/2024","11/23/2024",759,756,763,1
256,"11/19/2024","11/13/2024","11/24/2024",759,753,764,1
274,"11/19/2024","11/14/2024","11/25/2024",759,754,765,1
328,"11/19/2024","11/15/2024","11/24/2024",759,755,764,1
342,"11/19/2024","11/11/2024","11/27/2024",759,751,767,1
551,"11/19/2024","11/10/2024","11/29/2024",759,750,769,1
560,"11/19/2024","11/12/2024","11/25/2024",759,752,765,1
592,"11/19/2024","11/16/2024","11/22/2024",759,756,762,1
598,"11/19/2024","11/16/2024","11/22/2024",759,756,762,1
602,"11/19/2024","11/17/2024","11/22/2024",759,757,762,1
608,"11/19/2024","11/16/2024","11/22/2024",759,756,762,1
633,"11/19/2024","11/15/2024","11/22/2024",759,755,762,1
646,"11/19/2024","11/8/2024","12/1/2024",759,748,771,1
734,"11/19/2024","11/15/2024","11/22/2024",759,755,762,1
74,"11/19/2024","11/15/2024","11/23/2024",759,755,763,1
806,"11/19/2024","11/16/2024","11/22/2024",759,756,762,1
857,"11/19/2024","11/15/2024","11/23/2024",759,755,763,1
986,"11/19/2024","11/13/2024","11/24/2024",759,753,764,1
14,"11/20/2024","10/29/2024","12/13/2024",760,738,783,1
374,"11/20/2024","11/16/2024","11/23/2024",760,756,763,1
400,"11/20/2024","11/12/2024","11/28/2024",760,752,768,1
428,"11/20/2024","11/10/2024","11/30/2024",760,750,770,1
459,"11/20/2024","11/9/2024","11/30/2024",760,749,770,1
465,"11/20/2024","11/4/2024","12/7/2024",760,744,777,1
479,"11/20/2024","11/14/2024","11/26/2024",760,754,766,1
546,"11/20/2024","11/12/2024","11/28/2024",760,752,768,1
576,"11/20/2024","11/16/2024","11/24/2024",760,756,764,1
81,"11/20/2024","11/17/2024","11/23/2024",760,757,763,1
881,"11/20/2024","11/17/2024","11/23/2024",760,757,763,1
12,"11/21/2024","11/16/2024","11/27/2024",761,756,767,1
27,"11/21/2024","11/12/2024","11/30/2024",761,752,770,1
296,"11/21/2024","11/16/2024","11/26/2024",761,756,766,1
313,"11/21/2024","11/15/2024","11/27/2024",761,755,767,1
379,"11/21/2024","11/18/2024","11/25/2024",761,758,765,1
384,"11/21/2024","11/12/2024","11/29/2024",761,752,769,1
389,"11/21/2024","11/16/2024","11/25/2024",761,756,765,1
552,"11/21/2024","11/18/2024","11/24/2024",761,758,764,1
726,"11/21/2024","11/18/2024","11/25/2024",761,758,765,1
912,"11/21/2024","11/19/2024","11/24/2024",761,759,764,1
919,"11/21/2024","11/17/2024","11/24/2024",761,757,764,1
498,"11/22/2024","11/9/2024","12/6/2024",762,749,776,1
596,"11/22/2024","11/4/2024","12/11/2024",762,744,781,1
900,"11/22/2024","11/8/2024","12/5/2024",762,748,775,1
829,"11/23/2024","11/12/2024","12/5/2024",763,752,775,1
277,"11/24/2024","11/18/2024","12/1/2024",764,758,771,1
426,"11/24/2024","11/12/2024","12/7/2024",764,752,777,1
501,"11/24/2024","11/15/2024","12/2/2024",764,755,772,1
897,"11/24/2024","11/12/2024","12/5/2024",764,752,775,1
271,"11/25/2024","11/22/2024","11/29/2024",765,762,769,1
316,"11/25/2024","11/15/2024","12/5/2024",765,755,775,1
355,"11/25/2024","11/13/2024","12/7/2024",765,753,777,1
475,"11/25/2024","11/20/2024","12/1/2024",765,760,771,1
53,"11/25/2024","11/22/2024","11/29/2024",765,762,769,1
55,"11/25/2024","11/17/2024","12/3/2024",765,757,773,1
573,"11/25/2024","11/16/2024","12/5/2024",765,756,775,1
82,"11/25/2024","11/21/2024","11/30/2024",765,761,770,1
930,"11/25/2024","11/15/2024","12/5/2024",765,755,775,1
114,"11/26/2024","11/19/2024","12/2/2024",766,759,772,1
126,"11/26/2024","11/13/2024","12/9/2024",766,753,779,1
17,"11/26/2024","11/23/2024","11/29/2024",766,763,769,1
195,"11/26/2024","11/11/2024","12/11/2024",766,751,781,1
214,"11/26/2024","11/16/2024","12/7/2024",766,756,777,1
231,"11/26/2024","11/22/2024","11/30/2024",766,762,770,1
330,"11/26/2024","11/18/2024","12/3/2024",766,758,773,1
331,"11/26/2024","11/18/2024","12/4/2024",766,758,774,1
37,"11/26/2024","11/15/2024","12/6/2024",766,755,776,1
394,"11/26/2024","11/18/2024","12/5/2024",766,758,775,1
430,"11/26/2024","11/18/2024","12/4/2024",766,758,774,1
545,"11/26/2024","11/17/2024","12/6/2024",766,757,776,1
665,"11/26/2024","11/23/2024","11/30/2024",766,763,770,1
796,"11/26/2024","11/20/2024","12/1/2024",766,760,771,1
937,"11/26/2024","11/15/2024","12/6/2024",766,755,776,1
958,"11/26/2024","11/15/2024","12/7/2024",766,755,777,1
285,"11/27/2024","11/23/2024","12/1/2024",767,763,771,1
304,"11/27/2024","11/22/2024","12/2/2024",767,762,772,1
318,"11/27/2024","11/16/2024","12/8/2024",767,756,778,1
319,"11/27/2024","11/22/2024","12/3/2024",767,762,773,1
395,"11/27/2024","11/18/2024","12/7/2024",767,758,777,1
40,"11/27/2024","11/20/2024","12/4/2024",767,760,774,1
485,"11/27/2024","11/22/2024","12/3/2024",767,762,773,1
492,"11/27/2024","11/19/2024","12/4/2024",767,759,774,1
575,"11/27/2024","11/22/2024","12/2/2024",767,762,772,1
921,"11/27/2024","11/21/2024","12/3/2024",767,761,773,1
95,"11/27/2024","11/21/2024","12/3/2024",767,761,773,1
122,"11/28/2024","11/17/2024","12/8/2024",768,757,778,1
228,"11/28/2024","11/21/2024","12/5/2024",768,761,775,1
29,"11/28/2024","11/26/2024","12/1/2024",768,766,771,1
339,"11/28/2024","11/24/2024","12/1/2024",768,764,771,1
341,"11/28/2024","11/24/2024","12/1/2024",768,764,771,1
390,"11/28/2024","11/24/2024","12/2/2024",768,764,772,1
391,"11/28/2024","11/17/2024","12/10/2024",768,757,780,1
434,"11/28/2024","11/18/2024","12/8/2024",768,758,778,1
470,"11/28/2024","11/19/2024","12/7/2024",768,759,777,1
48,"11/28/2024","11/22/2024","12/4/2024",768,762,774,1
502,"11/28/2024","11/21/2024","12/5/2024",768,761,775,1
585,"11/28/2024","11/22/2024","12/4/2024",768,762,774,1
625,"11/28/2024","11/19/2024","12/7/2024",768,759,777,1
72,"11/28/2024","11/19/2024","12/7/2024",768,759,777,1
89,"11/28/2024","11/27/2024","11/30/2024",768,767,770,1
902,"11/28/2024","11/25/2024","12/2/2024",768,765,772,1
151,"11/29/2024","11/22/2024","12/6/2024",769,762,776,1
287,"11/29/2024","11/24/2024","12/4/2024",769,764,774,1
373,"11/29/2024","11/21/2024","12/6/2024",769,761,776,1
924,"11/29/2024","11/23/2024","12/6/2024",769,763,776,1
225,"12/01/2024","11/26/2024","12/6/2024",771,766,776,1
309,"12/01/2024","11/28/2024","12/4/2024",771,768,774,1
405,"12/01/2024","11/26/2024","12/6/2024",771,766,776,1
422,"12/01/2024","11/24/2024","12/9/2024",771,764,779,1
662,"12/01/2024","11/18/2024","12/15/2024",771,758,785,1
141,"12/02/2024","11/27/2024","12/7/2024",772,767,777,1
188,"12/02/2024","11/27/2024","12/7/2024",772,767,777,1
275,"12/02/2024","11/29/2024","12/4/2024",772,769,774,1
462,"12/02/2024","11/28/2024","12/7/2024",772,768,777,1
478,"12/02/2024","11/23/2024","12/11/2024",772,763,781,1
542,"12/02/2024","11/27/2024","12/8/2024",772,767,778,1
65,"12/02/2024","11/23/2024","12/11/2024",772,763,781,1
217,"12/03/2024","11/21/2024","12/15/2024",773,761,785,1
264,"12/03/2024","11/28/2024","12/7/2024",773,768,777,1
293,"12/03/2024","11/24/2024","12/13/2024",773,764,783,1
35,"12/03/2024","11/23/2024","12/13/2024",773,763,783,1
383,"12/03/2024","11/26/2024","12/9/2024",773,766,779,1
626,"12/03/2024","11/28/2024","12/9/2024",773,768,779,1
238,"12/04/2024","11/24/2024","12/14/2024",774,764,784,1
273,"12/04/2024","11/16/2024","12/22/2024",774,756,792,1
315,"12/04/2024","11/29/2024","12/9/2024",774,769,779,1
511,"12/04/2024","11/26/2024","12/11/2024",774,766,781,1
637,"12/05/2024","11/13/2024","12/27/2024",775,753,797,1
865,"12/05/2024","11/30/2024","12/9/2024",775,770,779,1
928,"12/05/2024","11/29/2024","12/11/2024",775,769,781,1
45,"12/06/2024","12/2/2024","12/10/2024",776,772,780,1
463,"12/06/2024","11/10/2024","1/1/2025",776,750,802,1
929,"12/06/2024","11/23/2024","12/18/2024",776,763,788,1
206,"12/08/2024","12/2/2024","12/14/2024",778,772,784,1
530,"12/08/2024","11/30/2024","12/16/2024",778,770,786,1
199,"12/09/2024","12/2/2024","12/15/2024",779,772,785,1
617,"12/09/2024","12/2/2024","12/16/2024",779,772,786,1
712,"12/09/2024","11/29/2024","12/18/2024",779,769,788,1
455,"12/10/2024","12/4/2024","12/15/2024",780,774,785,1
557,"12/10/2024","12/2/2024","12/18/2024",780,772,788,1
893,"12/10/2024","11/29/2024","12/22/2024",780,769,792,1
748,"12/11/2024","11/30/2024","12/23/2024",781,770,793,1
244,"12/12/2024","12/3/2024","12/20/2024",782,773,790,1
896,"12/15/2024","12/9/2024","12/22/2024",785,779,792,1
145,"12/16/2024","12/11/2024","12/22/2024",786,781,792,1
447,"12/16/2024","12/9/2024","12/23/2024",786,779,793,1
563,"12/16/2024","12/5/2024","12/26/2024",786,775,796,1
895,"12/16/2024","12/9/2024","12/23/2024",786,779,793,1
196,"12/17/2024","11/29/2024","1/5/2025",787,769,806,1
505,"12/17/2024","12/9/2024","12/24/2024",787,779,794,1
660,"12/18/2024","12/12/2024","12/23/2024",788,782,793,1
517,"12/24/2024","12/16/2024","1/1/2025",794,786,802,1
220,"12/25/2024","12/19/2024","12/31/2024",795,789,801,1
525,"12/25/2024","12/20/2024","12/29/2024",795,790,799,1
926,"12/26/2024","12/23/2024","12/29/2024",796,793,799,1
248,"12/31/2024","12/26/2024","1/4/2025",801,796,805,1
191,"01/02/2025","12/26/2024","1/8/2025",803,796,809,1
489,"01/03/2025","12/24/2024","1/12/2025",804,794,813,1
420,"01/08/2025","12/31/2024","1/15/2025",809,801,816,1
443,"01/08/2025","12/21/2024","1/26/2025",809,791,827,1
503,"01/08/2025","12/28/2024","1/19/2025",809,798,820,1
449,"01/09/2025","1/4/2025","1/14/2025",810,805,815,1
410,"01/11/2025","12/25/2024","1/28/2025",812,795,829,1
458,"01/11/2025","12/31/2024","1/22/2025",812,801,823,1
484,"01/11/2025","12/20/2024","2/2/2025",812,790,834,1
889,"01/11/2025","1/2/2025","1/20/2025",812,803,821,1
73,"01/12/2025","1/5/2025","1/19/2025",813,806,820,1
435,"01/13/2025","1/10/2025","1/17/2025",814,811,818,1
533,"01/13/2025","1/7/2025","1/19/2025",814,808,820,1
223,"01/14/2025","1/11/2025","1/16/2025",815,812,817,1
453,"01/14/2025","1/4/2025","1/23/2025",815,805,824,1
878,"01/14/2025","1/7/2025","1/22/2025",815,808,823,1
433,"01/15/2025","1/4/2025","1/26/2025",816,805,827,1
269,"01/18/2025","12/30/2024","2/7/2025",819,800,839,1
441,"01/18/2025","1/5/2025","2/1/2025",819,806,833,1
826,"01/18/2025","1/3/2025","2/2/2025",819,804,834,1
96,"01/18/2025","1/11/2025","1/26/2025",819,812,827,1
234,"01/19/2025","1/15/2025","1/24/2025",820,816,825,1
261,"01/22/2025","1/14/2025","1/30/2025",823,815,831,1
439,"01/23/2025","1/16/2025","1/30/2025",824,817,831,1
495,"01/23/2025","1/4/2025","2/10/2025",824,805,842,1
464,"01/25/2025","1/18/2025","2/1/2025",826,819,833,1
899,"01/28/2025","1/25/2025","1/31/2025",829,826,832,1
204,"01/29/2025","1/25/2025","2/3/2025",830,826,835,1
507,"01/30/2025","1/26/2025","2/3/2025",831,827,835,1
209,"02/01/2025","1/26/2025","2/7/2025",833,827,839,1
97,"02/01/2025","1/8/2025","2/25/2025",833,809,857,1
856,"02/02/2025","1/19/2025","2/16/2025",834,820,848,1
528,"02/04/2025","2/2/2025","2/6/2025",836,834,838,1
239,"02/05/2025","1/21/2025","2/20/2025",837,822,852,1
211,"02/07/2025","1/21/2025","2/24/2025",839,822,856,1
216,"02/07/2025","1/29/2025","2/17/2025",839,830,849,1
452,"02/08/2025","1/27/2025","2/20/2025",840,828,852,1
474,"02/08/2025","1/14/2025","3/5/2025",840,815,865,1
825,"02/08/2025","1/17/2025","3/2/2025",840,818,862,1
827,"02/08/2025","1/30/2025","2/17/2025",840,831,849,1
894,"02/08/2025","2/3/2025","2/13/2025",840,835,845,1
931,"02/08/2025","1/20/2025","2/28/2025",840,821,860,1
193,"02/09/2025","2/4/2025","2/15/2025",841,836,847,1
741,"02/11/2025","2/5/2025","2/17/2025",843,837,849,1
226,"02/12/2025","2/8/2025","2/15/2025",844,840,847,1
504,"02/12/2025","2/8/2025","2/16/2025",844,840,848,1
222,"02/14/2025","2/11/2025","2/16/2025",846,843,848,1
424,"02/15/2025","2/4/2025","2/26/2025",847,836,858,1
925,"02/15/2025","1/14/2025","3/19/2025",847,815,879,1
419,"02/18/2025","1/30/2025","3/8/2025",850,831,868,1
509,"02/21/2025","2/6/2025","3/9/2025",853,838,869,1
717,"02/23/2025","1/27/2025","3/21/2025",855,828,881,1
105,"03/04/2025","3/2/2025","3/7/2025",864,862,867,1
593,"03/11/2025","2/28/2025","3/22/2025",871,860,882,1
