hsa_id,hsa_name,total_population,weighted_lat,weighted_lon
1,"Allegany (Cumberland), MD - Garrett, MD",96067,39.59384748,-78.86896175
2,"Kenton (Covington), KY - Campbell, KY",453465,38.92026835,-84.56739841
3,"Sussex, DE - Kent, DE",443230,38.84065717,-75.46559523
4,"Hartford (Hartford), CT - Tolland, CT","1,165,704",41.82,-72.57
5,"Newport News City, VA - Hampton City, VA",550294,37.17615848,-76.52448211
6,"Currituck, NC",30601,36.405,-76.0079
7,"Kanawha (Charleston), WV - Putnam, WV",294996,38.35153203,-81.51245119
8,"Schuylkill, PA - Northumberland, PA",334345,40.80309257,-76.58243114
9,"Cumberland (Portland), ME - Knox, ME",423214,43.90385263,-70.15929868
10,"Albany (Albany), NY - Rensselaer, NY",477350,42.63744902,-73.81778558
11,"Floyd, KY - Johnson, KY",68906,37.67553793,-82.82607818
12,"Massac, IL - Johnson, IL",27241,37.33713871,-88.79269456
13,"Pike, KY",56727,37.4691,-82.3958
14,"Roanoke City, VA - Roanoke, VA",513483,37.29027258,-79.68196314
15,"Grafton, NH - Sullivan, NH",135835,43.75423502,-71.94994808
16,"Baltimore, MD - Baltimore City, MD",2628167,39.27112443,-76.6865336
17,"Penobscot (Bangor), ME - Hancock, ME",259764,45.22505797,-68.50531351
18,"Fayette (Lexington-Fayette), KY - Jessamine, KY",597795,37.94944541,-84.30235051
19,"Broome (Binghamton), NY - Tioga, NY",245242,42.16217122,-75.91458947
20,"New London, CT","268,555",41.47,-72.1
21,"Ontario (Geneva), NY - Wayne, NY",261000,42.92897633,-77.12729991
22,"Middlesex, MA - Suffolk (Boston), MA",3955727,42.26820653,-71.1436311
23,"Camden (Camden), NJ - Burlington, NJ",1367291,39.79922792,-74.91931334
24,"Belmont, OH - Monroe, OH",78700,39.96732901,-81.00436568
25,"Frederick, VA - Shenandoah, VA",224593,39.07049483,-78.28531341
26,"Centre (State College), PA - Clearfield, PA",281075,40.97425189,-78.18702076
27,"Boyle, KY - Lincoln, KY",111955,37.58523483,-84.78039541
28,"Philadelphia (Philadelphia), PA - Montgomery, PA",4221802,40.08291096,-75.2938851
29,"Warren, KY - Logan, KY",234917,36.95688748,-86.47418589
30,"Alleghany Cnty & Clifton Forge Cty, VA - Covington City, VA",24639,37.83073462,-79.95761434
31,"Monongalia, WV - Marion, WV",213719,39.55039257,-80.03757016
32,"Hampden (Springfield), MA - Hampshire, MA",624843,42.18828447,-72.63994978
33,"Henrico (Richmond), VA - Chesterfield, VA",1333998,37.51515902,-77.48900344
34,"Washington, OH",58978,39.4553,-81.4953
35,"Cattaraugus, NY - Allegany, NY",123304,42.25196566,-78.42974124
36,"Bergen, NJ - Hudson (Jersey City), NJ",2201651,40.90595792,-74.1281413
37,"Pulaski, KY - Wayne, KY",102366,36.98551713,-84.61001668
38,"Kennebec, ME - Somerset, ME",217959,44.68464474,-69.69739841
39,"Tazewell, VA - Buchanan, VA",65238,37.16799572,-81.66118312
40,"Henderson (Henderson), KY - Union, KY",57540,37.76413639,-87.65874202
41,"Westchester (Yonkers), NY - Dutchess, NY",1578605,41.37677293,-73.81132154
42,"Allegheny (Pittsburgh), PA - Westmoreland, PA",2101919,40.51859803,-79.86650208
43,"Dauphin (Harrisburg), PA - Cumberland, PA",748341,40.31481671,-76.92154908
44,"Lycoming (Williamsport), PA - Clinton, PA",151287,41.31606717,-77.20790989
45,"Christian (Hopkinsville), KY - Hopkins, KY",200023,37.08286091,-87.49267436
46,"Boyd, KY - Greenup, KY",136857,38.32067975,-82.80969971
47,"Lackawanna (Scranton), PA - Wayne, PA",267408,41.47734031,-75.5505591
48,"Frederick, MD",287048,39.4722,-77.398
49,"Chittenden (Burlington), VT - Franklin, VT",265510,44.48515018,-73.06365197
50,"Randolph, WV - Barbour, WV",57438,38.85015399,-79.89184091
51,"Laurel, KY - Whitley, KY",149689,36.98634117,-84.01826746
52,"Venango, PA - Clarion, PA",93695,41.32625258,-79.58686437
53,"Barren, KY - Hart, KY",86235,37.01148973,-85.85736688
54,"Erie (Buffalo), NY - Monroe, NY",2113742,42.95720958,-78.30257677
55,"Wise, VA - Lee, VA",74658,36.92166595,-82.72046664
56,"Onondaga (Syracuse), NY - Oswego, NY",664184,43.07059906,-76.22582977
57,"Cambria, PA - Blair (Altoona), PA",373127,40.32637062,-78.62776166
58,"Otsego, NY - Chenango, NY",180965,42.48320703,-75.06650343
59,"Oneida (Utica), NY - Madison, NY",356209,43.20939193,-75.4005744
60,"Raleigh, WV - Fayette, WV",145072,37.80909471,-81.21426261
61,"District of Columbia, DC",681294,38.9047,-77.0163
62,"Madison, KY - Rockcastle, KY",139053,37.64786016,-84.22513818
63,"Rockingham, VA - Harrisonburg City, VA",160719,38.50361746,-78.81722877
64,"Atlantic (Atlantic City), NJ - Cape May, NJ",371211,39.39380835,-74.69690182
65,"Steuben, NY - Chemung (Elmira), NY",192297,42.22526796,-77.07087088
66,"Essex (Newark), NJ - Middlesex, NJ",2663428,40.61659023,-74.36344548
67,"Rowan, KY - Morgan, KY",52168,38.0810681,-83.35332824
68,"Bristol (New Bedford), MA",582270,41.7972,-71.1145
69,"Fairfax, VA - Arlington, VA",2013801,38.89542222,-77.31814817
70,"Montgomery, VA - Pulaski, VA",194259,37.12528041,-80.58595497
71,"Halifax with South Boston City, VA - Mecklenburg, VA",76171,36.76053058,-78.59688714
72,"Washington (Hagerstown), MD",155709,39.6036,-77.814
73,"Alleghany, NC",11174,36.4916,-81.127
74,"Essex (Lynn), MA",813054,42.6732,-70.9524
75,"New Castle (Wilmington), DE",577961,39.5768,-75.6527
76,"Fulton, NY - Montgomery (Amsterdam), NY",102015,43.01111734,-74.4306962
77,"Petersburg City, VA - Prince George, VA",145147,37.16266723,-77.34199452
78,"Luzerne (Wilkes-Barre), PA - Columbia, PA",419004,41.17812804,-76.05577906
79,"Henry, VA - Patrick, VA",81150,36.68181208,-79.96081308
80,"St. Lawrence, NY - Jefferson, NY",248873,44.21376751,-75.50314494
81,"Clinton, NY - Franklin, NY",162162,44.55864364,-73.87987036
82,"Taylor, KY - Adair, KY",75076,37.19317523,-85.28464111
83,"Suffolk, NY - Nassau, NY",2919737,40.80361146,-73.1980739
84,"Lehigh (Allentown), PA - Northampton, PA",930269,40.7628334,-75.45747451
85,"New Haven (New Haven), CT - Litchfield, CT","1,214,266",41.46,-72.93
86,"Orange (Newburgh), NY - Sullivan, NY",486337,41.45370408,-74.38141361
87,"Morris (Parsippany-Troy Hills Township), NJ - Sussex, NJ",660335,40.92322995,-74.57682624
88,"Saratoga, NY - Schenectady (Schenectady), NY",529781,43.10480879,-73.87723172
89,"Hardin, KY - Meade, KY",204795,37.70348342,-86.07828382
90,"Cheshire, NH",77297,42.9193,-72.2512
91,"Hillsborough (Manchester), NH - Merrimack, NH",698808,43.12741582,-71.6429102
92,"Harrison, WV - Upshur, WV",132643,39.10396316,-80.44561769
93,"Hunterdon, NJ - Warren (Phillipsburg), NJ",241009,40.70063579,-74.95134065
94,"Kings (New York), NY - Queens, NY",8483844,40.71586192,-73.91201358
95,"Androscoggin (Lewiston), ME - Oxford, ME",203091,44.38430738,-70.40256611
96,"Harlan, KY - Bell, KY",49281,36.79664987,-83.43557787
97,"Augusta, VA - Staunton City, VA",165767,38.07088078,-79.1619817
98,"York, ME",216731,43.4782,-70.7144
99,"Albemarle, VA - Charlottesville City, VA",394981,38.10527326,-78.32278227
100,"Washington, PA - Fayette, PA",370874,40.0663889,-80.04177054
101,"Worcester (Worcester), MA - Franklin, MA",938732,42.36891056,-71.95940037
102,"Bourbon (Paris), KY - Nicholas, KY",27948,38.24225035,-84.1615164
103,"Caledonia, VT - Orleans, VT",84229,44.62827461,-72.3160879
104,"Clinton, KY - Cumberland, KY",15150,36.75064235,-85.23525481
105,"Tompkins, NY - Cortland, NY",150783,42.49585891,-76.34990561
106,"Chautauqua, NY",125544,42.2281,-79.3663
107,"Queen Annes, MD - Talbot, MD",156165,38.8309445,-75.99652807
108,"Monmouth, NJ - Ocean (Brick Township), NJ",1299715,40.07150242,-74.25170725
109,"Prince William (Dale City), VA - Fauquier, VA",623231,38.71210779,-77.51936765
110,"Mifflin, PA - Huntingdon, PA",113073,40.51930124,-77.71319107
112,"Berkshire (Pittsfield), MA",129430,42.3707,-73.2063
114,"Franklin, KY - Anderson, KY",87525,38.20998115,-84.90244861
115,"Calloway, KY",38224,36.621,-88.2723
116,"Mason, KY - Fleming, KY",40723,38.52990891,-83.83136001
117,"Crawford, PA",82716,41.6847,-80.1062
119,"Harrison, KY - Robertson, KY",21423,38.45000571,-84.30162498
121,"Fairfield, CT","957,419",41.23,-73.37
122,"Rutland, VT",60425,43.5801,-73.0363
123,"Letcher, KY",20808,37.1212,-82.8553
124,"Kent, MD",19346,39.2556,-76.039
125,"Elk, PA",30506,41.4251,-78.6491
126,"Mercer, NJ",385864,40.2834,-74.7018
127,"Cumberland, NJ",153305,39.3739,-75.1107
128,"Tioga, PA",40945,41.7722,-77.2543
129,"Lawrence, PA",85024,40.9912,-80.3347
130,"Brunswick, VA - Greensville, VA",32663,36.72229262,-77.70086397
131,"Montgomery, KY - Bath, KY",41246,38.06824001,-83.86000854
132,"Caswell, NC",22404,36.3932,-79.3335
135,"Stafford, VA - Spotsylvania, VA",398936,38.28331902,-77.50296353
136,"Aroostook, ME",67058,46.6589,-68.5989
137,"Accomack, VA - Northampton, VA",45394,37.65271996,-75.69816592
138,"Coos, NH",31271,44.6896,-71.3056
139,"Berks, PA",433015,40.4163,-75.926
140,"Lancaster, PA",557931,40.0424,-76.2477
141,"Walker, GA - Catoosa, GA",153561,34.82321435,-85.24964807
142,"Orange (Orlando), FL - Volusia, FL",3215889,28.72025928,-81.36810732
143,"Chatham (Savannah), GA - Liberty, GA",539021,32.02609847,-81.31021582
144,"Dougherty (Albany), GA - Lee, GA",173955,31.5889307,-84.26021166
145,"Whitfield, GA - Murray, GA",144160,34.80076047,-84.90555229
146,"DeSoto, MS - Marshall, MS",303473,34.77790053,-89.91973916
147,"Knox (Knoxville), TN - Blount, TN",928066,35.8462216,-83.98154192
148,"Davidson (Nashville-Davidson), TN - Williamson, TN",1193740,36.12426984,-86.88309123
149,"Forsyth (Winston-Salem), NC - Surry, NC",588237,36.17269832,-80.35524623
150,"Jefferson (Birmingham), AL - Shelby, AL",1275179,33.55233755,-86.81145699
151,"Sullivan (Kingsport), TN - Hawkins, TN",218588,36.49388698,-82.47404437
152,"Warren, GA - Glascock, GA",9660,33.37974166,-82.68931665
153,"Fulton (Atlanta), GA - DeKalb, GA",3120700,33.81580065,-84.25829434
154,"Floyd, GA - Bartow, GA",340727,34.27833483,-85.03770363
155,"Bay (Panama City), FL - Jackson, FL",308308,30.40593292,-85.5350826
156,"Tuscaloosa (Tuscaloosa), AL - Pickens, AL",278526,33.2493211,-87.57990336
157,"Hall, GA - Habersham, GA",412536,34.46059484,-83.81543785
158,"Duval (Jacksonville), FL - Clay, FL",1377026,30.29360381,-81.72423169
159,"Alachua (Gainesville), FL - Columbia, FL",549475,29.80926036,-82.53419398
160,"Richland (Columbia), SC - Lexington, SC",785989,33.99831099,-81.08598292
161,"Mobile (Mobile), AL - Baldwin, AL",716653,30.82927272,-88.0047814
162,"Houston (Dothan), AL - Dale, AL",281836,31.33057136,-85.54570665
163,"Escambia, AL - Conecuh, AL",47904,31.19743961,-87.12200549
164,"Morgan, GA - Greene, GA",41187,33.58499234,-83.33333017
165,"Lee (Cape Coral), FL - Collier, FL",1270902,26.43450658,-81.6523329
166,"Russell, AL",58811,32.2884,-85.1849
167,"Mecklenburg (Charlotte), NC - Union, NC",1427928,35.19704405,-80.76830963
168,"New Hanover (Wilmington), NC - Brunswick, NC",453347,34.22080358,-78.00671546
169,"Washington (Johnson City), TN - Carter, TN",210729,36.27777958,-82.39236612
170,"Durham (Durham), NC - Granville, NC",493889,36.13927869,-78.78716178
171,"Montgomery (Montgomery), AL - Autauga, AL",390293,32.11846122,-86.27741871
172,"Chambers, AL - Randolph, AL",56702,33.06495686,-85.41863788
173,"Gilmer, GA - Fannin, GA",58168,34.76771616,-84.39550229
174,"Ware, GA - Pierce, GA",74046,31.19934263,-82.39630693
175,"Dallas, AL - Marengo, AL",73912,32.29364723,-87.32887188
176,"Orangeburg, SC - Bamberg, SC",118138,33.4133281,-80.86210734
177,"Calhoun (Anniston), AL - Cleburne, AL",131516,33.76003424,-85.78996737
178,"Thomas, GA - Mitchell, GA",92943,30.94871728,-84.0701472
179,"Lee (Auburn), AL - Elmore, AL",330289,32.62008922,-85.64450141
180,"Lowndes, GA - Brooks, GA",186072,30.91704684,-83.28794068
181,"Fulton, KY",6409,36.554,-89.1874
182,"Greenville (Greenville), SC - Anderson, SC",973742,34.80052637,-82.53485575
183,"Leon (Tallahassee), FL - Gadsden, FL",451562,30.40631698,-84.26796148
184,"Florence (Florence), SC - Darlington, SC",299716,34.18784338,-79.82311393
185,"Morgan (Decatur), AL - Lawrence, AL",157747,34.46788647,-86.94953408
186,"Guilford (Greensboro), NC - Davidson, NC",959373,36.0019789,-79.86657556
187,"Laurens, SC - Greenwood, SC",191466,34.25301308,-82.09479686
188,"Madison (Jackson), TN - Gibson, TN",264186,35.64570021,-88.82215097
189,"Tift, GA - Ben Hill, GA",76751,31.57241326,-83.43953276
190,"Cobb (Marietta), GA",775208,33.9416,-84.5767
191,"Polk, NC",19891,35.2793,-82.1697
192,"Iredell (Statesville), NC - Alexander, NC",232956,35.82490305,-80.92085395
193,"Bibb (Macon), GA - Houston, GA",472054,32.66275481,-83.68760573
194,"Watauga, NC - Ashe, NC",82073,36.29775834,-81.63200739
195,"Pitt, NC - Beaufort, NC",262163,35.60835432,-77.197479
196,"Sumter, SC - Clarendon, SC",151877,33.89141497,-80.33478086
197,"Sumter, GA - Crisp, GA",80497,32.06676077,-83.9308711
198,"Wake (Raleigh), NC - Johnston, NC",1566592,35.75912296,-78.55340116
199,"Marion, SC - Dillon, SC",56526,34.2335909,-79.37058366
200,"Miami-Dade (Miami), FL - Broward, FL",4797345,25.83138824,-80.54069188
201,"Putnam, GA - Hancock, GA",31505,33.30768764,-83.27063638
202,"Polk (Lakeland), FL - Highlands, FL",922071,27.86677393,-81.65985078
203,"Orange (Chapel Hill), NC - Harnett, NC",434795,35.6847954,-79.07276358
204,"Spalding (Griffin), GA - Butts, GA",95388,33.26839981,-84.19329673
205,"Moore, NC - Richmond, NC",227062,35.18679372,-79.52179919
206,"Laurens, GA - Toombs, GA",140077,32.28798634,-82.77649011
207,"Robeson, NC - Columbus, NC",230198,34.58462694,-78.99168024
208,"Maury, TN - Giles, TN",187452,35.51447105,-87.03894503
209,"Jackson, NC - Macon, NC",103797,35.26924673,-83.34505107
210,"Madison (Huntsville), AL - Limestone, AL",570004,34.77379821,-86.5830713
211,"Rutherford (Murfreesboro), TN - Warren, TN",445026,35.83036866,-86.30296929
212,"Charleston (Charleston), SC - Berkeley, SC",891304,32.98106949,-80.09335123
213,"Sarasota (Sarasota), FL - Charlotte, FL",695997,27.1040789,-82.18359925
214,"Nash, NC - Halifax, NC",209558,36.05704458,-77.77208906
215,"Putnam, TN - White, TN",158561,36.18221935,-85.46036688
216,"Stephens, GA - Hart, GA",78185,34.42866262,-83.15997329
217,"Hamblen (Morristown), TN - Jefferson, TN",153651,36.17864646,-83.36953055
218,"Gaston (Gastonia), NC - Cleveland, NC",493518,35.35267967,-81.36248766
219,"Lauderdale (Florence), AL - Colbert, AL",209500,34.69058859,-87.69305205
220,"Jasper, GA",15929,33.3165,-83.688
221,"Palm Beach (West Palm Beach), FL - St. Lucie, FL",2097298,26.82064702,-80.47223942
222,"Bulloch, GA - Emanuel, GA",130882,32.46948985,-81.85517779
223,"Cumberland, TN - Fentress, TN",97894,35.98087657,-85.01712148
224,"Etowah (Gadsden), AL - Marshall, AL",300565,34.26278137,-86.03304702
225,"Buncombe (Asheville), NC - Henderson, NC",511064,35.52429032,-82.59910903
226,"Anderson (Oak Ridge), TN - Roane, TN",229475,36.02879931,-84.41759126
227,"Hillsborough (Tampa), FL - Pinellas, FL",3304691,28.03588917,-82.45289914
228,"Decatur, GA - Seminole, GA",44201,30.92864463,-84.65918729
229,"Catawba (Hickory), NC - Burke, NC",331904,35.75578259,-81.42502452
230,"Wayne, GA - Appling, GA",49442,31.62544657,-82.05597813
231,"Sumner (Hendersonville), TN - Wilson, TN",421815,36.34184999,-86.33795381
232,"Lawrence, TN - Wayne, TN",70250,35.27521843,-87.5432799
233,"Marion (Ocala), FL - Citrus, FL",562550,29.1058517,-82.17878144
234,"Montgomery (Clarksville), TN - Stewart, TN",256533,36.49026798,-87.41859699
235,"Cabarrus (Concord), NC - Rowan, NC",450659,35.46006175,-80.49968738
236,"Coffee, GA - Jeff Davis, GA",66608,31.5751592,-82.80546534
237,"Brevard (Palm Bay), FL - Indian River, FL",799716,28.16857878,-80.70601912
238,"Wayne, NC - Lenoir, NC",243392,35.25928101,-77.88014461
239,"Coffee, TN - Franklin, TN",124193,35.34949868,-86.05756157
240,"Yancey, NC - Avery, NC",51469,35.99322965,-82.13340489
241,"Talladega, AL - Clay, AL",105513,33.32182376,-86.13280743
242,"Onslow, NC - Craven, NC",401358,34.86983335,-77.18935016
243,"Hertford, NC - Bertie, NC",61290,36.24457636,-76.84899567
244,"York (Rock Hill), SC - Chester, SC",325855,34.94697019,-81.18196059
245,"Hardin, TN - McNairy, TN",53219,35.18737878,-88.36949459
246,"Horry, SC - Georgetown, SC",447827,33.85107634,-79.04549808
247,"Marion, AL - Fayette, AL",45237,33.98918934,-87.83447361
248,"Dyer, TN - Lauderdale, TN",67871,35.97687947,-89.50060273
249,"Lancaster, SC - Kershaw, SC",172789,34.54915397,-80.6599149
250,"Washington, GA - Jefferson, GA",35190,33.00672993,-82.63124255
251,"St. Johns (St. Augustine), FL - Putnam, FL",382098,29.84398249,-81.50042235
252,"Greene, TN - Cocke, TN",108441,36.09046522,-82.93929139
253,"Elbert, GA - Wilkes, GA",29398,34.00805093,-82.80862513
254,"Colquitt, GA",46224,31.1884,-83.7688
256,"Wilkes, NC",65935,36.2062,-81.163
257,"Osceola, FL",427415,28.0626,-81.1495
258,"Cherokee, NC - Clay, NC",41172,35.11227154,-83.97515324
259,"Butler, AL",18630,31.7524,-86.6803
260,"Bedford, TN",52237,35.5138,-86.4589
261,"McDowell, NC",44817,35.6817,-82.0493
262,"Cumberland (Fayetteville), NC - Sampson, NC",398015,35.04016832,-78.75952126
263,"Scott, TN",22113,36.4285,-84.5035
264,"Pasquotank, NC - Dare, NC",102880,36.10501052,-76.11763519
266,"Manatee, FL",429792,27.4719,-82.3153
267,"Alamance, NC",176893,36.0437,-79.3995
268,"Rabun, GA",17312,34.8818,-83.402
269,"Upson, GA - Lamar, GA",67503,33.00010646,-84.27951772
270,"Franklin, IN",23020,39.4149,-85.0602
271,"Grand Traverse, MI - Manistee, MI",204926,44.69474708,-85.5991065
272,"Jefferson (Louisville), KY - Bullitt, KY",1100946,38.15348017,-85.59340907
273,"Wabash, IL",11119,38.4461,-87.8443
274,"Wayne (Detroit), MI - Oakland, MI",3931937,42.49783139,-83.23798442
275,"Marion (Indianapolis), IN - Johnson, IN",1497411,39.72076614,-86.19440485
276,"Monroe, MI",155505,41.9291,-83.5394
277,"Peoria (Peoria), IL - Tazewell, IL",367347,40.64892778,-89.7050725
278,"Brown (Green Bay), WI - Oconto, WI",361590,44.56045268,-87.95267393
279,"Champaign (Champaign), IL - Coles, IL",299009,40.00918853,-88.20641301
280,"Milwaukee (Milwaukee), WI - Waukesha, WI",1568938,43.06416506,-88.07773668
281,"Franklin (Columbus), OH - Delaware, OH",1693312,39.99028615,-83.02712633
282,"Marathon (Wausau), WI - Wood, WI",295596,44.83161541,-89.97798615
283,"Jackson, OH - Gallia, OH",83614,38.96827608,-82.35764139
284,"Gogebic, MI - Ontonagon, MI",20169,46.48286555,-89.58422637
285,"Ingham (Lansing), MI - Eaton, MI",540660,42.69278829,-84.47237544
286,"Ramsey (St. Paul), MN - Dakota, MN",1322945,44.92659212,-93.0346304
287,"Cook (Chicago), IL - DuPage, IL",7138928,41.91119858,-87.8983431
288,"Cuyahoga (Cleveland), OH - Lake, OH",1670737,41.48286159,-81.51965082
289,"St. Louis (Duluth), MN - Itasca, MN",339903,47.38138497,-92.65194422
290,"Allamakee, IA",14092,43.2843,-91.3781
291,"Winnebago (Rockford), IL - Ogle, IL",421886,42.25140455,-89.14901317
292,"Allen (Lima), OH - Auglaize, OH",283572,40.72960382,-84.2070913
293,"Marquette, MI - Delta, MI",127086,46.26835251,-87.16651308
294,"Chippewa, MI - Emmet, MI",133350,45.72238187,-84.7915348
295,"Montgomery (Dayton), OH - Greene, OH",798143,39.76505648,-84.24497909
296,"Muskegon (Muskegon), MI - Newaygo, MI",282875,43.44439449,-86.11006592
297,"St. Clair (Port Huron), MI - Sanilac, MI",200683,43.03279371,-82.70876652
298,"Eau Claire (Eau Claire), WI - Chippewa, WI",240266,44.83990581,-91.44821067
299,"Madison (Alton), IL - Jersey, IL",306558,38.85536183,-89.92141674
300,"Tippecanoe (Lafayette), IN - Clinton, IN",276002,40.43191292,-86.83012015
301,"Dane (Madison), WI - Sauk, WI",805543,43.1321056,-89.58069047
302,"Stephenson, IL - Jo Daviess, IL",65619,42.35646197,-89.84554883
303,"Will (Joliet), IL - Grundy, IL",754681,41.43372409,-88.0096211
304,"Allen (Fort Wayne), IN - Noble, IN",593829,41.21121138,-85.13606533
305,"Macon (Decatur), IL - Shelby, IL",153688,39.79260376,-88.86818201
306,"Winnebago (Oshkosh), WI - Fond du Lac, WI",408779,43.83694,-88.67369827
307,"Rock Island (Moline), IL - Henry, IL",212203,41.41263828,-90.46090364
308,"Lake (Gary), IN - Porter, IN",722353,41.40025539,-87.29395107
309,"Kent (Grand Rapids), MI - Ionia, MI",880167,43.08785896,-85.42788766
310,"Crawford, IL - Lawrence, IL",33542,38.87601514,-87.74490151
311,"Clark, IL",15266,39.3336,-87.7877
312,"St. Joseph (South Bend), IN - Marshall, IN",352077,41.52514863,-86.29913181
313,"Bartholomew, IN - Jackson, IN",184180,39.1132976,-85.8358164
314,"Washburn, WI - Burnett, WI",33770,45.88091649,-92.07992912
315,"Dickinson, MI - Menominee, MI",60868,45.88355564,-87.87703539
316,"Perry, IN",19270,38.0796,-86.638
317,"Wexford, MI - Osceola, MI",85074,44.19157206,-85.45580987
318,"Sangamon (Springfield), IL - Christian, IL",321106,39.85731659,-89.74985003
319,"Morgan, IL - Greene, IL",49641,39.62390431,-90.27315197
320,"Ottawa (Holland), MI - Allegan, MI",422659,42.85397849,-85.96505115
321,"Dearborn, IN - Jefferson (Madison), IN",129095,39.01038364,-85.16185761
322,"Saginaw (Saginaw), MI - Tuscola, MI",272758,43.4169163,-83.81159816
323,"Delaware (Muncie), IN - Randolph, IN",148617,40.23581832,-85.32783639
324,"Knox, IL - Warren, IL",65493,40.91095654,-90.31410246
325,"St. Clair (Belleville), IL - Clinton, IL",355742,38.43022313,-89.89164147
326,"Rock (Janesville), WI - Green, WI",218309,42.67186177,-89.24383951
327,"Berrien (Benton Harbor), MI - Van Buren, MI",280603,42.02760036,-86.22911625
328,"Genesee (Flint), MI - Lapeer, MI",492142,43.03404695,-83.61917026
329,"Lawrence, IN - Orange, IN",64869,38.74996629,-86.48693477
330,"Midland (Midland), MI - Isabella, MI",205233,43.7397869,-84.60235413
331,"Williamson, IL - Jackson, IL",177902,37.84261102,-89.11429425
332,"Huntington, IN - Adams, IN",121674,40.71594885,-85.1813676
333,"Vermilion, IL - Edgar, IL",88921,40.08953164,-87.73518018
334,"Macoupin, IL - Montgomery, IL",72292,39.24940453,-89.75226856
335,"Jefferson, IL - Wayne, IL",52523,38.33976117,-88.77242939
336,"La Salle, IL - Livingston, IL",182746,41.2624896,-88.94987068
337,"Lewis, KY",12965,38.5315,-83.3781
338,"McLean (Bloomington), IL - Woodford, IL",225241,40.51989787,-88.91309066
339,"Floyd (New Albany), IN - Harrison, IN",159488,38.33583821,-86.0290431
340,"Henderson, IL",6193,40.818,-90.9251
341,"Monroe (Bloomington), IN - Greene, IN",209196,39.16075862,-86.59862794
342,"Bay (Bay City), MI - Iosco, MI",172742,43.95727351,-83.9545082
343,"Kankakee (Kankakee), IL - Iroquois, IL",133084,41.06011224,-87.85434728
344,"Outagamie (Appleton), WI - Waupaca, WI",244395,44.42757877,-88.57038229
345,"Mahoning (Youngstown), OH - Trumbull, OH",427420,41.15675743,-80.76924854
346,"Clark (Springfield), OH - Champaign, OH",173962,39.96599631,-83.78109871
347,"Stark (Canton), OH - Wayne, OH",653763,40.73714219,-81.50108579
348,"Kalamazoo (Kalamazoo), MI - St. Joseph, MI",323344,42.18306855,-85.5305589
349,"Elkhart (Elkhart), IN - Kosciusko, IN",287574,41.49857271,-85.85925945
350,"Clayton, IA - Delaware, IA",34571,42.65500595,-91.35455415
351,"Richland, IL - Clay, IL",43905,38.74612889,-88.21549167
352,"Summit (Akron), OH - Portage, OH",883480,41.13189806,-81.54722262
353,"Adams, IL - Pike, IL",79223,39.92116468,-91.13330729
354,"Marion, OH - Crawford, OH",231057,40.5651145,-83.13597875
355,"Sheboygan (Sheboygan), WI - Manitowoc, WI",252339,43.9254689,-87.95883625
356,"Defiance, OH - Williams, OH",121420,41.36557903,-84.43801921
357,"Ashland, WI - Sawyer, WI",65223,46.10765203,-90.87467985
358,"Marion, IL - Washington, IL",50627,38.56955043,-89.05129444
359,"Houghton, MI - Baraga, MI",48017,46.88995809,-88.62128605
360,"Jefferson (Steubenville), OH - Harrison, OH",78824,40.36844784,-80.82091082
361,"Whiteside, IL - Carroll, IL",70523,41.82522004,-89.91856146
362,"Hancock, IN - Henry (New Castle), IN",133007,39.86317893,-85.63453442
363,"Effingham, IL - Fayette, IL",55837,39.03704853,-88.75564983
364,"Howard (Kokomo), IN - Cass, IN",136778,40.54082526,-86.17272037
365,"Clark (Jeffersonville), IN - Scott, IN",148880,38.51144876,-85.71392242
366,"Lorain (Lorain), OH - Erie, OH",508807,41.29552869,-82.38588269
367,"Hancock, IL",17281,40.4037,-91.1647
368,"Fairfield (Lancaster), OH - Athens, OH",265619,39.60407679,-82.47179371
369,"Richland (Mansfield), OH - Ashland, OH",177355,40.79570788,-82.4581845
370,"Goodhue, MN",47943,44.4097,-92.7229
371,"Alpena, MI - Presque Isle, MI",62002,45.04014629,-83.76075694
372,"Highland, OH - Clinton, OH",85529,39.29777466,-83.70287526
373,"Kane (Aurora), IL - DeKalb, IL",755633,41.86932146,-88.4741747
374,"Barron, WI - Rusk, WI",60976,45.43565225,-91.68201486
375,"Jackson (Jackson), MI - Lenawee, MI",349429,42.05874764,-84.4273976
376,"Miami (Piqua), OH - Shelby, OH",158225,40.13774114,-84.22153
377,"Muskingum, OH - Guernsey, OH",224846,39.96538689,-81.87339247
378,"LaPorte, IN - Starke, IN",135282,41.50021371,-86.72404129
379,"Shawano, WI - Langlade, WI",64781,44.94566176,-88.85397727
380,"Columbiana, OH",100704,40.7684,-80.7772
381,"Calhoun (Battle Creek), MI - Barry, MI",197187,42.3585664,-85.10316369
382,"Racine (Racine), WI - Kenosha, WI",365970,42.66898121,-88.05260126
383,"White, IL - Hamilton, IL",21535,38.08533123,-88.31174776
384,"Saline, IL - Gallatin, IL",35376,37.69450587,-88.47273041
385,"Wayne, IN - Fayette, IN",96716,39.79301401,-85.04453215
386,"Hancock, OH - Seneca, OH",129636,41.05344386,-83.43886203
387,"Walworth, WI - Jefferson, WI",191660,42.82658649,-88.6469021
388,"Licking (Newark), OH - Knox, OH",244979,40.17077912,-82.46722294
389,"Grant, IN - Miami, IN",132851,40.66059055,-85.79195875
390,"Hamilton, IN - Madison (Anderson), IN",496956,40.09614855,-85.96372269
391,"Juneau, WI - Adams, WI",47812,43.9444365,-89.96208833
392,"Roscommon, MI - Otsego, MI",62690,44.6897116,-84.60618067
394,"Dubois, IN",43614,38.3643,-86.8798
395,"Winneshiek, IA",19873,43.2907,-91.8437
396,"Rice, MN",67917,44.3543,-93.2967
398,"Logan, OH",46089,40.3885,-83.7658
399,"Jackson, WI",20981,44.3192,-90.8053
400,"Portage, WI",70832,44.476,-89.5014
401,"Boone, IN",74718,40.0508,-86.4687
402,"Montgomery, IN",38312,40.0404,-86.8933
403,"Orleans (New Orleans), LA - Jefferson, LA",981662,29.91496793,-90.05395975
404,"Miller, AR - Hempstead, AR",116279,33.62035668,-93.89151956
405,"Potter (Amarillo), TX - Randall, TX",354682,35.31383938,-101.829275
406,"Lubbock (Lubbock), TX - Hockley, TX",394437,33.5942829,-101.871438
407,"Baxter, AR - Marion, AR",59635,36.28176885,-92.43723176
408,"Harris (Houston), TX - Fort Bend, TX",6692543,29.86716253,-95.44892752
409,"Forrest, MS - Lamar, MS",187197,31.23878232,-89.31327336
410,"Bexar (San Antonio), TX - Guadalupe, TX",2534291,29.44219993,-98.49461123
411,"Hinds (Jackson), MS - Rankin, MS",597479,32.39068488,-90.10220388
412,"Choctaw, AL - Sumter, AL",24258,32.2995387,-88.23166635
413,"Jefferson (Beaumont), TX - Orange, TX",461885,30.10727484,-94.13023698
414,"Tulsa (Tulsa), OK - Rogers, OK",936481,36.17105071,-95.86148697
415,"El Paso (El Paso), TX - Hudspeth, TX",876410,31.76658457,-106.2271046
416,"Caddo (Shreveport), LA - Bossier, LA",488752,32.46977952,-93.67849851
417,"Oklahoma (Oklahoma City), OK - Canadian, OK",1134804,35.54921927,-97.44893483
418,"Lee, MS - Monroe, MS",182916,34.2263262,-88.60425496
419,"East Baton Rouge (Baton Rouge), LA - Livingston, LA",843971,30.4743378,-91.03562716
420,"Wichita (Wichita Falls), TX - Montague, TX",196864,33.83298235,-98.60101047
421,"Sebastian (Fort Smith), AR - Crawford, AR",238458,35.30897247,-94.17989669
422,"Coahoma, MS - Tallahatchie, MS",38078,34.14689494,-90.42200054
423,"Tangipahoa, LA - St. Helena, LA",147596,30.64096738,-90.42810811
424,"Lafayette (Lafayette), LA - Iberia, LA",482027,30.12159468,-92.03993536
425,"Travis (Austin), TX - Williamson, TX",2202332,30.43330691,-97.71588003
426,"Tom Green (San Angelo), TX - Runnels, TX",160190,31.38745184,-100.4118287
427,"Hidalgo (Mcallen), TX - Starr, TX",958044,26.40829224,-98.21964537
428,"Taylor (Abilene), TX - Jones, TX",218327,32.39870928,-99.71621134
429,"Garfield (Enid), OK - Kingfisher, OK",112197,36.33930637,-98.01606677
430,"Cleveland (Norman), OK - McClain, OK",384933,35.12106422,-97.32995993
431,"Madison, LA",9513,32.3644,-91.2427
432,"Pulaski (Little Rock), AR - Faulkner, AR",803745,34.82983315,-92.35033042
433,"Victoria (Victoria), TX - Calhoun, TX",180849,28.85333046,-96.96098329
434,"Tarrant (Fort Worth), TX - Johnson, TX",2603740,32.73204522,-97.34487317
435,"Concordia, LA - Tensas, LA",22109,31.54485789,-91.58670545
436,"Bryan, OK - Atoka, OK",62632,34.05674885,-96.20883343
437,"Nueces (Corpus Christi), TX - San Patricio, TX",545891,27.76770486,-97.64786123
438,"Choctaw, OK",14297,34.0266,-95.5522
439,"Lincoln, LA - Union, LA",96517,32.57177513,-92.63704196
440,"Beckham, OK - Roger Mills, OK",25507,35.32395685,-99.68381731
441,"Smith (Tyler), TX - Henderson, TX",436212,32.41466106,-95.47652127
442,"Pope, AR - Yell, AR",84265,35.34150149,-93.12441188
443,"Ouachita (Monroe), LA - Morehouse, LA",248297,32.48467615,-91.99686072
444,"Ector (Odessa), TX - Reeves, TX",200526,31.80387625,-102.6647917
445,"Muskogee, OK - Wagoner, OK",239970,35.80094135,-95.31919281
446,"Washington (Fayetteville), AR - Benton, AR",577726,36.16904967,-94.22215771
447,"Nacogdoches, TX - Shelby, TX",107214,31.61395003,-94.40549508
448,"Garland, AR - Hot Spring, AR",173008,34.43681136,-93.16915031
449,"Angelina, TX - Walker, TX",234330,30.96417431,-95.02116424
450,"Rapides (Alexandria), LA - Avoyelles, LA",234376,31.21108214,-92.42702925
451,"Montgomery, KS - Chautauqua, KS",36763,37.20603259,-95.82240571
452,"Bell (Killeen), TX - Coryell, TX",519927,31.08953616,-97.53967745
453,"Dallas (Dallas), TX - Collin, TX",4453428,32.8661026,-96.66563289
454,"Gregg (Longview), TX - Rusk, TX",243615,32.41465841,-94.77907391
455,"Jones, MS - Wayne, MS",116381,31.72831457,-89.12280662
456,"Harrison (Biloxi), MS - Hancock, MS",275952,30.51520984,-89.17851961
457,"White, AR - Cleburne, AR",109090,35.31761991,-91.78284414
458,"Wilbarger, TX - Hardeman, TX",17108,34.11750009,-99.37538869
459,"Lafayette, MS - Calhoun, MS",83668,34.24311257,-89.49512089
460,"Gray, TX - Wheeler, TX",29973,35.46042223,-100.6660985
461,"Lamar, AL",13693,33.7791,-88.0969
462,"McLennan (Waco), TX - Hill, TX",370062,31.60325505,-97.18745017
463,"St. Landry, LA - Evangeline, LA",113730,30.63554644,-92.11861467
464,"Brazos (Bryan), TX - Washington, TX",346322,30.61194715,-96.31221925
465,"Titus, TX - Morris, TX",66869,33.14486206,-94.96623246
466,"Pittsburg, OK - Pushmataha, OK",63869,34.83099115,-95.61125617
467,"Terrebonne (Houma), LA - Lafourche, LA",222922,29.52497554,-90.69388939
468,"Brown, TX - Coleman, TX",56387,31.68921186,-99.01208219
469,"Woodward, OK - Dewey, OK",31404,36.3756724,-99.32782077
470,"Calcasieu (Lake Charles), LA - Vernon, LA",327820,30.40087331,-93.27596185
471,"Jackson (Pascagoula), MS - George, MS",170419,30.58977711,-88.6370111
472,"Payne, OK - Pawnee, OK",109664,36.14274279,-96.96111856
473,"Jefferson (Pine Bluff), AR - Drew, AR",123245,34.01462382,-91.85622917
474,"Carter, OK - Marshall, OK",84886,34.18033909,-97.10893437
475,"Custer, OK - Washita, OK",39074,35.54236897,-98.99892592
476,"Grady, OK - Caddo, OK",83053,35.06705355,-98.04045169
477,"Pike, MS - Marion, MS",90199,31.18575791,-90.25816312
478,"Pontotoc, OK - Seminole, OK",80438,34.90045223,-96.56643396
479,"Palo Pinto, TX - Jack, TX",38177,32.86494332,-98.28031223
480,"Ashley, AR - Chicot, AR",28194,33.21745335,-91.60405288
481,"Hale, TX - Castro, TX",44691,34.14621422,-101.8372276
482,"Pontotoc, MS - Union, MS",81195,34.46115505,-88.99170008
483,"Jackson, OK - Greer, OK",32573,34.65812255,-99.47126831
484,"Oktibbeha, MS - Winston, MS",87397,33.37172701,-88.99097241
485,"Harrison (Marshall), TX - Cass, TX",108460,32.70997696,-94.36284111
486,"Union, AR - Columbia, AR",64953,33.2141081,-92.80718242
487,"Bolivar, MS - Leflore, MS",88403,33.61185904,-90.59269941
488,"Washington, MS - Sharkey, MS",47565,33.24042023,-90.93729105
489,"Navarro, TX - Freestone, TX",74760,31.95525625,-96.38577118
490,"Fayette, TX - Colorado, TX",46048,29.7600189,-96.74029468
491,"Deaf Smith, TX - Parmer, TX",28191,34.81553556,-102.66696
492,"Midland (Midland), TX - Pecos, TX",198941,31.78416088,-102.0816738
493,"Comanche (Lawton), OK - Kiowa, OK",142603,34.64872624,-98.51973294
494,"Boone, AR - Carroll, AR",81735,36.2479041,-93.22125424
495,"Denton (Denton), TX - Wise, TX",1097612,33.22322339,-97.15730065
496,"Ouachita, AR - Dallas, AR",28327,33.67636371,-92.83176921
497,"Stephens, OK - Jefferson, OK",48931,34.44441245,-97.84977377
498,"Alcorn, MS - Tishomingo, MS",52949,34.83132099,-88.46012663
499,"Crittenden (West Memphis), AR - St. Francis, AR",94568,35.14034748,-90.53487659
500,"St. Tammany (Slidell), LA - Washington, LA",317541,30.47324671,-89.97006574
501,"Leon, TX - Madison, TX",29911,31.14546901,-95.96499189
502,"Grenada, MS - Montgomery, MS",40505,33.62766294,-89.78626747
503,"Nolan, TX - Mitchell, TX",27127,32.36358737,-100.5767259
504,"Jefferson Davis, MS - Lawrence, MS",22903,31.5596652,-89.96914784
505,"Brazoria (Lake Jackson), TX - Wharton, TX",469378,29.16911557,-95.5639196
506,"Kerr, TX - Gillespie, TX",105895,30.18737455,-99.16947956
507,"Erath, TX - Comanche, TX",57744,32.16665147,-98.30011088
508,"Lea, NM",73733,32.7921,-103.4125
509,"Anderson, TX - Cherokee, TX",132376,31.74003311,-95.4232185
510,"Hays (San Marcos), TX - Caldwell, TX",317307,30.02398737,-97.96811422
511,"Lincoln, MS - Copiah, MS",62732,31.6819943,-90.45169103
512,"Childress, TX - Hall, TX",10931,34.47303395,-100.338665
513,"Bee, TX - Karnes, TX",46051,28.57611261,-97.77961866
514,"Terry, TX - Yoakum, TX",19200,33.17348454,-102.5294435
515,"Kay (Ponca City), OK - Osage, OK",89622,36.72110154,-96.76133586
516,"Maverick, TX - Val Verde, TX",108980,29.26411464,-100.6842515
517,"Comal, TX",183826,29.8082,-98.2783
518,"Howard, TX - Glasscock, TX",33358,32.29221528,-101.4383278
519,"Scurry, TX",16488,32.7463,-100.9164
520,"Cameron (Brownsville), TX - Willacy, TX",446259,26.14846318,-97.52522107
521,"Jackson, AR",16712,35.5992,-91.2145
522,"Johnson, AR",26003,35.5697,-93.4602
523,"Claiborne, LA",13833,32.8227,-92.9958
524,"Collingsworth, TX",2588,34.9648,-100.27
525,"Wilkinson, MS",8162,31.1611,-91.3109
526,"Brewster, TX - Presidio, TX",17298,29.97372648,-103.6864476
527,"Arkansas, AR - Monroe, AR",23104,34.40002433,-91.32563236
528,"St. Mary, LA",47828,29.7207,-91.4486
529,"Okmulgee, OK - Okfuskee, OK",48177,35.60420538,-96.0482231
530,"Winn, LA",13467,31.9443,-92.6368
531,"Dimmit, TX",8380,28.4226,-99.7566
532,"Galveston, TX",358990,29.3944,-94.9642
533,"Yazoo, MS",24835,32.7803,-90.3964
534,"Polk, AR",19361,34.4858,-94.2282
535,"Beaver, OK",5028,36.7497,-100.4768
536,"Uvalde, TX",24881,29.3573,-99.7622
537,"Phillips, AR",15450,34.4274,-90.8489
538,"Webb (Laredo), TX - Zapata, TX",287862,27.71275781,-99.31325319
539,"Cherokee, KS",19151,37.1693,-94.8463
540,"Hennepin (Minneapolis), MN - Anoka, MN",2234188,45.03238227,-93.52603062
541,"St. Louis, MO - St. Louis City, MO",1737975,38.52070492,-90.46753929
542,"Douglas (Omaha), NE - Sarpy, NE",923147,41.27337061,-96.19686152
543,"Burleigh (Bismarck), ND - Morton, ND",165050,46.95126576,-100.7618082
544,"Lyon, IA",12162,43.3805,-96.2102
545,"Linn (Cedar Rapids), IA - Johnson, IA",501358,41.87757125,-91.59645971
546,"Polk (Des Moines), IA - Dallas, IA",795593,41.6029595,-93.62752181
547,"Clay, MN - Becker, MN",119498,46.91882076,-96.21545398
548,"Jackson (Kansas City), MO - Clay, MO",1349052,39.08327335,-94.35061366
549,"Greene (Springfield), MO - Christian, MO",710039,37.2100616,-93.21519868
550,"Ward, ND - Bottineau, ND",94525,48.28395937,-101.5510714
551,"Ford, KS - Gray, KS",47304,37.6546716,-99.9912494
552,"Howard, IA",9445,43.3568,-92.3172
553,"Boone (Columbia), MO - Randolph, MO",267918,39.10805732,-92.40003437
554,"Shawnee (Topeka), KS - Riley, KS",350121,39.16687255,-95.99331761
555,"Hall, NE - Hamilton, NE",88460,40.94147905,-98.41196281
556,"Cerro Gordo, IA - Kossuth, IA",95708,43.1193447,-93.50958856
557,"Black Hawk (Waterloo), IA - Bremer, IA",222887,42.55151407,-92.28357367
558,"Pennington (Rapid City), SD - Meade, SD",173686,44.1045565,-102.8893015
559,"Holt, NE - Brown, NE",15112,42.47083787,-99.10995858
560,"Woodbury (Sioux City), IA - Plymouth, IA",179815,42.48557012,-95.91427756
561,"Lancaster (Lincoln), NE - Gage, NE",396201,40.74839429,-96.7424156
562,"Baca, CO",3428,37.3192,-102.5605
563,"Union, IL - Alexander, IL",26887,37.37429228,-89.24607231
564,"Adams, NE - Clay, NE",44594,40.46635518,-98.39800965
565,"Ellis, KS - Rooks, KS",44405,38.98552812,-99.56842489
566,"Adair, MO - Sullivan, MO",48280,40.26472159,-92.61671373
567,"Lyon, KS - Coffey, KS",48974,38.34102868,-96.11435618
568,"Codington, SD - Grant, SD",50948,44.94094578,-97.12344278
569,"Saline, KS - Ellsworth, KS",68770,38.81635573,-97.72503052
570,"Buffalo, NE - Dawson, NE",91916,40.80775106,-99.30845218
571,"Craighead, AR - Greene, AR",231580,35.95274575,-90.67303975
572,"Brown, SD - Spink, SD",62196,45.49417541,-98.3467533
573,"Blue Earth, MN - Nicollet, MN",134372,44.10890123,-94.09142701
574,"Independence, AR - Sharp, AR",94827,35.97115735,-91.71367609
575,"Finney, KS - Scott, KS",54548,38.05901638,-100.843413
576,"Sedgwick (Wichita), KS - Butler, KS",698787,37.68655031,-97.36226168
577,"Madison, NE - Wayne, NE",64802,42.02578579,-97.53664895
578,"Cedar, NE - Knox, NE",16678,42.61810396,-97.57307025
579,"Williams, ND - McKenzie, ND",56043,48.20770383,-103.4587757
580,"Scotts Bluff, NE - Box Butte, NE",54220,41.90134546,-103.4594446
581,"Cole, MO - Callaway, MO",221699,38.47312065,-92.05635406
582,"Otter Tail, MN - Grant, MN",66602,46.36513034,-95.73598465
583,"Barton, KS - Pawnee, KS",36967,38.38857863,-98.92213876
584,"Polk, MN",30705,47.7739,-96.4019
585,"Webster, IA - Humboldt, IA",53523,42.53068969,-94.2517656
586,"Lawrence, SD",27233,44.3586,-103.7923
587,"Seward, KS - Morton, KS",24097,37.19309413,-100.9540085
588,"Stearns (St. Cloud), MN - Benton, MN",285750,45.63986448,-94.50079438
589,"Wapello, IA - Mahaska, IA",97766,41.10984565,-92.36547108
590,"Big Stone, MN - Traverse, MN",8370,45.56019824,-96.43447978
591,"Doniphan, KS",7503,39.7881,-95.1468
592,"Kandiyohi, MN - Chippewa, MN",82337,45.08546757,-95.36330027
593,"Lincoln, NE - Keith, NE",46448,41.08534213,-100.9809098
594,"Custer, NE - Valley, NE",19486,41.5473883,-99.5054191
595,"Boyd, NE",1688,42.8997,-98.7665
596,"Pottawattamie (Council Bluffs), IA - Harrison, IA",153097,41.37994729,-95.48235387
597,"Beltrami, MN - Clearwater, MN",55128,47.91189321,-95.00658677
598,"Reno, KS - Rice, KS",74881,38.00636539,-98.13390213
599,"St. Charles (St. Charles), MO - Lincoln, MO",514769,38.81455218,-90.74490837
600,"Beadle, SD - Hand, SD",25412,44.41291478,-98.44908639
601,"Labette, KS - Neosho, KS",51117,37.51563588,-95.32825914
602,"Brown, MN - Renville, MN",55708,44.41329305,-94.92995246
603,"Isanti (Cambridge), MN - Mille Lacs, MN",86111,45.75312947,-93.40030157
604,"Pennington, MN - Marshall, MN",30699,48.2206136,-96.23973287
605,"Stark, ND - Dunn, ND",40019,46.87662661,-102.7190442
606,"Story, IA - Boone, IA",171450,42.15216268,-93.55693195
607,"Henry, MO - Bates, MO",48101,38.27280181,-93.97358455
608,"Douglas, MN - Pope, MN",60732,45.81265413,-95.53949294
609,"Lyon, MN - Lincoln, MN",31106,44.41333789,-95.91611195
610,"Brookings, SD - Kingsbury, SD",40597,44.36968708,-96.88096256
611,"York, NE - Polk, NE",19511,40.95684202,-97.58941421
612,"Crow Wing, MN - Cass, MN",150821,46.6922113,-94.26078097
613,"Decatur, KS - Sheridan, KS",5152,39.58014752,-100.451377
614,"Mississippi, AR",39126,35.7624,-90.0522
615,"Davison, SD - Charles Mix, SD",51374,43.62756582,-98.48926814
616,"Phelps, NE - Furnas, NE",16424,40.36000917,-99.55123679
617,"Guthrie, IA - Greene, IA",19376,41.84180223,-94.45433295
618,"Pratt, KS - Kiowa, KS",13278,37.57194427,-98.90858605
619,"Nobles, MN - Cottonwood, MN",51529,43.80289092,-95.51219691
621,"Wyandotte (Kansas City), KS - Leavenworth, KS",250777,39.14267482,-94.85522166
622,"Mitchell, KS - Osborne, KS",12147,39.47503923,-98.37025407
623,"Dawes, NE - Sheridan, NE",14325,42.62551636,-102.9320805
624,"Johnson (Overland Park), KS - Douglas, KS",809811,38.85334393,-94.91234892
625,"Clay, IA - Dickinson, IA",43314,43.20518887,-95.05411316
626,"Emmet, IA",9262,43.3781,-94.6785
627,"Pulaski, MO - Phelps, MO",119637,37.79475371,-91.90346841
628,"Richardson, NE - Pawnee, NE",10281,40.12659955,-95.84536577
629,"Hughes, SD - Stanley, SD",27308,44.43959163,-100.3535079
630,"Crawford, KS - Bourbon, KS",63169,37.69557918,-94.84986971
631,"Roseau, MN - Lake of the Woods, MN",19123,48.77432073,-95.6297306
632,"Stutsman, ND - Wells, ND",28797,47.11717375,-99.04481665
633,"Carroll, IA - Sac, IA",40086,42.20614454,-94.86586835
634,"Floyd, IA - Chickasaw, IA",27135,43.05998702,-92.58392762
635,"Marshall, KS - Washington, KS",15526,39.78381382,-96.72410648
636,"Cheyenne, KS - Rawlins, KS",5144,39.78555762,-101.411335
637,"Phillips, KS - Norton, KS",13724,39.78467719,-99.41897869
638,"Rolette, ND - Pierce, ND",17931,48.64786533,-99.80056507
639,"Vernon, MO - Cedar, MO",34302,37.79657452,-94.13541595
640,"Bowman, ND - Hettinger, ND",8249,46.23387645,-102.9443587
641,"Scott (Davenport), IA - Muscatine, IA",217167,41.60707684,-90.71912908
642,"Cloud, KS - Republic, KS",13544,39.59950297,-97.64968024
643,"Wichita, KS - Greeley, KS",3395,38.48152386,-101.5235456
644,"Page, IA - Fremont, IA",27513,40.74027637,-95.16102087
645,"Lucas, IA - Wayne, IA",15248,40.90521146,-93.32757148
646,"Freeborn, MN - Faribault, MN",44537,43.67383124,-93.53599871
647,"Montgomery, IA - Adams, IA",13836,41.02981204,-95.03671379
648,"Dewey, SD - Walworth, SD",18263,45.39208154,-100.5058944
649,"Appanoose, IA - Davis, IA",21341,40.74513086,-92.67169511
650,"Geary, KS - Dickinson, KS",59600,38.93211853,-96.86716116
651,"Platte, NE - Boone, NE",43396,41.57469575,-97.6245853
652,"OBrien, IA - Osceola, IA",20226,43.17270932,-95.62453809
654,"Chase, NE - Dundy, NE",6250,40.42762045,-101.6093975
655,"Ramsey, ND - Benson, ND",19671,48.14534019,-98.93209266
656,"Pettis, MO - Saline, MO",108496,38.6743019,-93.1878985
657,"Livingston, MO - Carroll, MO",22775,39.65095857,-93.53238281
658,"Fillmore, NE - Thayer, NE",10442,40.36112995,-97.59579597
659,"Thomas, KS - Sherman, KS",15160,39.31050868,-101.3785084
660,"Otoe, NE - Johnson, NE",21502,40.58588769,-96.16668114
661,"Kingman, KS - Harper, KS",12586,37.40131061,-98.11021387
662,"Clay, KS",8048,39.3497,-97.1652
663,"Madison, MO",12729,37.4781,-90.345
664,"Stevens, KS",5162,37.1923,-101.3121
665,"Mitchell, IA",10575,43.3564,-92.789
666,"Audrain, MO - Montgomery, MO",44708,39.20026407,-91.77776272
667,"Russell, KS",6679,38.9148,-98.7624
668,"Cherry, NE",5498,42.545,-101.1186
669,"Barber, KS",4069,37.2289,-98.6848
670,"Grant, ND",2269,46.3583,-101.6397
671,"Atchison, KS",16208,39.5318,-95.3135
672,"Sioux, IA",36212,43.0826,-96.1779
673,"Linn, MO",11852,39.8702,-93.1072
674,"McPherson, KS",30205,38.3917,-97.648
675,"Wilson, KS",8505,37.5593,-95.7434
676,"Taney, MO",56529,36.6548,-93.0411
678,"Atchison, MO - Holt, MO",9427,40.27949672,-95.33247849
679,"Marshall, IA - Tama, IA",56982,42.04882503,-92.86079393
680,"Dickey, ND - LaMoure, ND",9053,46.2679058,-98.51871021
681,"Crawford, IA",16277,42.0372,-95.382
682,"Ness, KS",2653,38.4794,-99.9162
683,"Grundy, MO - Mercer, MO",13269,40.19482914,-93.56616597
684,"McIntosh, ND - Logan, ND",4316,46.25745487,-99.45645667
685,"Camden, MO",43667,38.027,-92.766
686,"Poweshiek, IA",18545,41.6864,-92.5315
687,"Nemaha, NE",7046,40.3876,-95.8498
688,"Denver (Denver), CO - Jefferson, CO",2973329,39.6600849,-104.7619898
689,"Multnomah (Portland), OR - Washington, OR",1924255,45.49255848,-122.6320488
690,"Sutter (Yuba City), CA - Yuba, CA",205348,39.14636128,-121.6114857
691,"Yellowstone (Billings), MT - Big Horn, MT",217094,45.88612068,-108.2590325
692,"Cascade (Great Falls), MT - Glacier, MT",123669,47.61214477,-111.5701407
693,"Bernalillo (Albuquerque), NM - Sandoval, NM",964527,35.09754817,-106.7408751
694,"Nez Perce, ID - Idaho, ID",72823,46.24963058,-116.2914542
695,"Twin Falls, ID - Jerome, ID",140196,42.5105425,-114.5909691
696,"Bannock, ID - Bingham, ID",159181,42.83119948,-112.2898403
697,"Butte (Chico), CA - Tehama, CA",301590,39.75951486,-121.8123159
698,"Spokane (Spokane), WA - Stevens, WA",650849,47.68644226,-117.5020185
699,"Maricopa (Phoenix), AZ - Pinal, AZ",5472537,33.43717725,-112.3604682
700,"Pima (Tucson), AZ - Cochise, AZ",1283623,32.08803157,-111.4776796
701,"Alpine, CA",1616,38.5972,-119.8207
702,"Benton (Kennewick), WA - Franklin, WA",311807,46.33333927,-119.3170164
703,"Utah (Provo), UT - Sanpete, UT",785689,40.02278608,-111.7100046
704,"Pueblo (Pueblo), CO - Las Animas, CO",190741,38.09082274,-104.4932548
705,"Marion (Salem), OR - Yamhill, OR",547640,44.96871531,-122.863913
707,"Clark (Las Vegas), NV - Nye, NV",2389325,36.26006457,-115.0475466
708,"Salt Lake (Salt Lake City), UT - Tooele, UT",1412723,40.63290438,-111.8578947
709,"Sacramento (Sacramento), CA - Placer, CA",2426388,38.60311151,-121.2215913
710,"Shasta (Redding), CA - Trinity, CA",205896,40.78950079,-122.0681363
711,"Mesa, CO - Garfield, CO",299744,39.28377239,-107.9301339
712,"Hill, MT - Blaine, MT",29277,48.52416316,-109.5816445
713,"Missoula, MT - Ravalli, MT",221666,46.95560589,-114.078554
714,"Custer, MT - Fallon, MT",20188,46.23219752,-105.4170806
715,"Franklin, ID - Bear Lake, ID",21706,42.21287025,-111.6650716
716,"Ada (Boise City), ID - Canyon, ID",852825,43.52532466,-116.3402876
717,"Umatilla, OR - Morrow, OR",92240,45.56884417,-118.8499123
718,"Fresno (Fresno), CA - Kings, CA",1330963,36.73513225,-119.682155
719,"Deschutes, OR - Crook, OR",266798,43.98546002,-121.0671455
720,"Elko, NV - Lander, NV",61402,41.0018146,-115.5391128
721,"Lewis and Clark, MT - Jefferson, MT",93906,46.92541239,-112.2770578
722,"Bonneville, ID - Madison, ID",251666,43.61739906,-111.7551848
723,"Los Angeles (Los Angeles), CA",9808667,34.3219,-118.2247
724,"Santa Fe (Santa Fe), NM - Rio Arriba, NM",250153,35.84361714,-106.069153
725,"Curry, NM - Roosevelt, NM",76706,34.49216513,-103.4243426
726,"Natrona (Casper), WY - Converse, WY",93739,42.9636828,-106.6090071
727,"Linn, OR - Benton, OR",227009,44.4900151,-122.9139818
728,"Flathead, MT - Lincoln, MT",131870,48.33482621,-114.2673431
729,"Payette, ID - Washington, ID",42657,44.2213692,-116.7329004
730,"Cassia, ID - Minidoka, ID",47691,42.54951496,-113.6175158
731,"Alamosa, CO - Rio Grande, CO",46348,37.56540591,-106.0589931
732,"Dona Ana (Las Cruces), NM - Luna, NM",261377,32.37013902,-106.9384835
733,"Sheridan, MT - Daniels, MT",5163,48.73931435,-104.8067409
734,"Kootenai, ID - Bonner, ID",270144,47.81233355,-116.6282018
735,"Routt, CO - Moffat, CO",38291,40.53114219,-107.4107467
736,"King (Seattle), WA - Snohomish, WA",3646124,47.68581171,-121.8673968
737,"Stanislaus (Modesto), CA - Merced, CA",915771,37.47103556,-120.8265318
738,"Del Norte, CA",27107,41.7431,-123.8972
739,"Yakima (Yakima), WA - Kittitas, WA",304324,46.5605354,-120.7294167
740,"Navajo, AZ",108415,35.3996,-110.3214
741,"Cheyenne, NE - Kimball, NE",14628,41.20125328,-103.0713729
742,"Silver Bow, MT - Deer Lodge, MT",55095,45.79429706,-112.7709907
743,"Klamath, OR - Lake, OR",78514,42.69767691,-121.5171461
744,"Davis, UT - Weber (Ogden), UT",717251,41.14466032,-112.1071162
745,"Otero, CO - Prowers, CO",42803,37.99701853,-103.2423391
746,"Solano (Vallejo), CA - Napa, CA",654939,38.40517307,-122.1001078
747,"Grant, WA - Chelan, WA",269762,47.70632635,-119.8846794
748,"Wasco, OR - Hood River, OR",54366,45.3345091,-121.3285604
749,"Park, WY - Big Horn, WY",42277,44.5222346,-109.1423042
750,"San Joaquin (Stockton), CA - Calaveras, CA",885010,37.97284734,-121.2048793
751,"Santa Clara (San Jose), CA - Monterey, CA",2406950,37.02981152,-121.5948032
752,"Siskiyou, CA",43466,41.5927,-122.5404
753,"Nevada, CA - Sierra, CA",105227,39.30858077,-120.7623029
754,"El Paso (Colorado Springs), CO - Teller, CO",782138,38.8390449,-104.5168798
755,"Iron, UT - Beaver, UT",69525,37.91127478,-113.2838511
756,"Park, MT - Sweet Grass, MT",21430,45.54488567,-110.4250293
757,"San Francisco (San Francisco), CA - San Mateo, CA",1572575,37.5985005,-122.390289
758,"Thurston (Olympia), WA - Grays Harbor, WA",444102,47.02929195,-123.0514894
759,"Union, OR - Baker, OR",50537,45.15024203,-117.773952
760,"Weld, CO - Morgan, CO",394726,40.51184997,-104.2845768
761,"Montrose, CO - Delta, CO",106706,38.53393418,-107.9261711
763,"Logan, CO - Phillips, CO",27692,40.71605987,-102.9248348
764,"Marin, CA",257969,38.0735,-122.7236
765,"Apache, AZ",65341,35.3955,-109.4888
766,"Alameda (Oakland), CA - Contra Costa, CA",2814485,37.75961432,-121.9047607
767,"Richland, MT - Dawson, MT",22925,47.53389994,-104.7652166
768,"San Bernardino, CA - Riverside (Riverside), CA",4675704,34.25950704,-116.0805902
769,"Otero, NM - Lincoln, NM",89040,32.87033826,-105.6773255
770,"Sheridan, WY - Johnson, WY",40741,44.62984381,-106.8164125
771,"Jackson, CO",1372,40.6664,-106.3428
772,"Chaves, NM - Eddy, NM",125322,32.92842384,-104.3876676
773,"Gallatin and Yellowstone National Park, MT - Madison, MT",133297,45.52381483,-111.2222866
774,"San Diego (San Diego), CA - Imperial, CA",3468976,33.03457012,-116.6638485
775,"Teton, WY - Lincoln, WY",52720,43.08968262,-110.5023501
777,"Fremont, WY - Washakie, WY",51856,43.22936751,-108.4728706
778,"Wheatland, MT - Meagher, MT",4063,46.53145464,-110.3588721
779,"Roosevelt, MT - Valley, MT",18045,48.32400098,-105.7043812
780,"Lassen, CA - Plumas, CA",49779,40.41256649,-120.6895831
781,"Santa Barbara (Santa Barbara), CA - San Luis Obispo, CA",725256,34.9501629,-120.1673332
782,"Lane (Eugene), OR - Douglas, OR",496279,43.7898816,-122.9198477
783,"Lincoln, OR - Tillamook, OR",78460,44.92996155,-123.8136706
784,"Latah, ID",41049,46.8162,-116.7117
785,"Clallam, WA - Jefferson, WA",111390,47.95865808,-123.8299997
786,"Chaffee, CO - Lake, CO",27558,38.86898236,-106.2344573
787,"Yuma, AZ - La Paz, AZ",228405,32.8395325,-113.9111375
788,"Powell, MT",7053,46.8564,-112.9361
789,"Tulare, CA",478693,36.2202,-118.8005
790,"Ventura, CA",837469,34.4561,-119.0836
792,"Uinta, WY",20644,41.2876,-110.5476
793,"Grant, NM - Hidalgo, NM",35559,32.76898646,-108.4225114
794,"Pierce, WA",930319,47.0239,-122.1041
795,"Boulder, CO - Broomfield, CO",405265,40.06644181,-105.3002741
796,"Larimer, CO",367368,40.6664,-105.4611
797,"Platte, WY",8612,42.1331,-104.9659
799,"Daggett, UT",783,40.8873,-109.5077
800,"Humboldt, CA",134541,40.6993,-123.8756
801,"San Miguel, NM - Mora, NM",36121,35.47426181,-104.8071619
802,"Santa Cruz, CA",264926,37.0562,-122.0018
803,"Mohave, AZ",220517,35.7041,-113.7579
804,"Weston, WY",6826,43.8404,-104.5677
805,"White Pine, NV",8735,39.4421,-114.9017
806,"Grant, OR",7209,44.4916,-119.0073
807,"Kern, CA",915075,35.3426,-118.7301
808,"Blaine, ID - Camas, ID",26075,43.41411567,-114.0157887
809,"Carbon, UT - Emery, UT",30563,39.43398606,-110.6254813
810,"Fergus, MT - Petroleum, MT",12134,47.25821788,-109.1886081
811,"Mendocino, CA",90244,39.4402,-123.3915
812,"Fremont, CO - Custer, CO",54881,38.43826086,-105.4326163
813,"Lemhi, ID",8249,44.9433,-113.9333
814,"Union, NM",4013,36.4816,-103.471
815,"Whatcom, WA",230503,48.8259,-121.7199
816,"Inyo, CA - Mono, CA",31887,37.09990873,-118.0193419
817,"Ketchikan Gateway Borough, AK - Wrangell-Petersburg Cen, AK",24980,55.90654948,-131.7711789
818,"Juneau City and Borough, AK - Sitka City and Borough, AK",46330,58.30349901,-134.6140043
819,"Fairbanks North Star Borough, AK - Denali/Yukon-Koyukuk, AK",109692,64.76056825,-146.6397255
820,"Anchorage (Anchorage), AK - Matanuska-Susitna Borough, AK",537040,61.38062011,-150.2452609
821,"Honolulu (Honolulu), HI - Maui, HI",1165735,21.40092644,-157.8608818
822,"Kauai, HI",73731,22.04,-159.5961
823,"Hawaii, HI",205769,19.5984,-155.5183
825,"Henry, GA - Forsyth, GA",838085,33.75706329,-84.1281765
826,"Cherokee, GA - Douglas, GA",642780,34.04121298,-84.65159401
827,"Newton (Covington), GA",118152,33.555,-83.8502
828,"Baldwin, GA",43642,33.0693,-83.2496
829,"Clarke (Athens), GA - Barrow, GA",394840,33.99851695,-83.47249278
830,"Richmond (South Augusta), GA - Columbia, GA",431256,33.41480663,-82.16640567
831,"Washtenaw, MI - Livingston, MI",565655,42.37426814,-83.86396916
832,"Lewis, WA - Pacific, WA",109148,46.57291977,-122.680941
833,"Orange, CA",3165820,33.7031,-117.7609
834,"Sonoma (Santa Rosa), CA",485040,38.529,-122.8882
851,"Mineral, WV - Hardy, WV",52080,39.23804704,-78.97343652
852,"Wicomico, MD - Worcester, MD",183436,38.29147029,-75.55456721
853,"Virginia Beach City, VA - Norfolk City, VA",1204702,36.763658,-76.25784348
854,"Bennington, VT",37269,43.0354,-73.0932
855,"McCracken, KY - Graves, KY",179574,36.96285812,-88.5782487
856,"Logan, WV - Mingo, WV",53960,37.78747762,-82.01865835
857,"Washington, VT - Windsor, VT",147768,43.94738857,-72.55560157
858,"Bradford, PA - Susquehanna, PA",103965,41.78132368,-76.25248497
859,"Providence (Providence), RI - Kent, RI",1017144,41.77915315,-71.572991
860,"Ohio (Wheeling), WV - Marshall, WV",93589,39.89312534,-80.65904986
861,"Berkeley, WV - Jefferson, WV",229665,39.41600638,-78.06241022
862,"Greenbrier, WV - Monroe, WV",44772,37.83997628,-80.479973
863,"Wood (Parkersburg), WV - Jackson, WV",151806,39.08252471,-81.46642629
864,"McKean, PA - Potter, PA",60519,41.76369706,-78.3622283
865,"Rockland, NY",341883,41.1525,-74.0242
866,"Mercer, WV - McDowell, WV",76506,37.39916767,-81.2385625
867,"Cabell (Huntington), WV - Wayne, WV",150805,38.31852492,-82.26598684
868,"York (York), PA - Adams, PA",569039,39.91095567,-76.8181368
869,"Montgomery, MD - Prince Georges, MD",2311356,38.92096425,-77.01055639
870,"Pendleton, WV",6043,38.6807,-79.3509
871,"Newport, RI",84657,41.5568,-71.2363
872,"Franklin, PA - Fulton, PA",171910,39.92723095,-77.75438378
873,"Carroll, VA - Grayson, VA",51170,36.70054119,-80.90473219
874,"Rockingham, NH",319082,42.9876,-71.1254
875,"Harford, MD - Cecil, MD",368717,39.56397509,-76.20995294
876,"Pike, PA",60621,41.332,-75.0338
877,"Windham, VT",45923,42.9906,-72.7139
878,"Claiborne, TN",32466,36.4859,-83.6604
879,"Strafford (Rochester), NH",132575,43.297,-71.0288
880,"Erie (Erie), PA - Warren, PA",306972,41.97051181,-79.93899076
881,"Columbia, NY - Greene, NY",108509,42.2616345,-73.84628062
882,"Henry, TN - Carroll, TN",77059,36.14409662,-88.3082831
883,"Pittsylvania (Danville), VA - Danville City, VA",102070,36.7227855,-79.40189752
884,"Essex, VT",5982,44.7275,-71.7359
885,"Hamilton (Chattanooga), TN - Marion, TN",422251,35.18478426,-85.20638741
886,"Beaufort, SC - Jasper, SC",227455,32.3930254,-80.77318065
887,"Shelby (Memphis), TN - Tipton, TN",1023993,35.20365128,-89.86528816
888,"Washington, VA - Smyth, VA",147212,36.77095386,-82.01563048
889,"Aiken, SC - Edgefield, SC",222157,33.54671011,-81.65726824
890,"Glynn, GA - Camden, GA",184862,31.12007981,-81.65765712
891,"Quitman, GA",2264,31.8673,-85.0188
892,"Escambia (Pensacola), FL - Okaloosa, FL",823942,30.67986885,-86.95794302
893,"Muscogee (Columbus), GA - Harris, GA",273698,32.51838652,-84.84862407
894,"Coweta, GA - Troup (La Grange), GA",255884,33.23723627,-84.84688177
895,"Bradley, TN - Polk, TN",128963,35.14935359,-84.81292694
896,"Carroll, GA - Haralson, GA",155854,33.6252349,-85.10613614
897,"Weakley, TN - Obion, TN",63469,36.32704056,-88.9245977
898,"Spartanburg (Spartanburg), SC - Cherokee, SC",431384,34.93124538,-81.91902825
899,"Johnson, TN",18196,36.4549,-81.8518
900,"Lincoln, TN",35946,35.1405,-86.589
901,"Hamilton (Cincinnati), OH - Butler, OH",1756224,39.25313109,-84.41592897
902,"Vanderburgh (Evansville), IN - Warrick, IN",323449,38.06685311,-87.50872554
903,"Lucas (Toledo), OH - Wood, OH",642316,41.56038322,-83.65041427
904,"Mason, WV",25043,38.7697,-82.0266
905,"Oneida, WI - Vilas, WI",77393,45.85169927,-89.48649535
906,"Polk, WI",45555,45.4614,-92.4414
907,"Douglas, WI",44229,46.4329,-91.9162
908,"La Crosse (La Crosse), WI - Monroe, WI",228584,43.92564389,-91.00933393
909,"Dubuque (Dubuque), IA - Jackson, IA",118420,42.42015307,-90.83203557
910,"Knox, IN - Daviess, IN",91649,38.65751354,-87.20033971
911,"Vigo (Terre Haute), IN - Clay, IN",185125,39.45250217,-87.34354993
912,"Marinette, WI - Florence, WI",46692,45.4296789,-88.06995894
913,"Daviess (Owensboro), KY - Ohio, KY",145531,37.68456152,-87.04025335
914,"Carroll, KY - Trimble, KY",19504,38.64377724,-85.21736769
915,"Fountain, IN - Warren, IN",25081,40.19716745,-87.27956003
916,"Scioto, OH - Ross, OH",176163,39.0776102,-83.03207786
917,"Des Moines, IA - Henry, IA",58491,40.94536169,-91.30564648
918,"Mercer, PA",109257,41.3022,-80.2577
919,"Crawford, WI",16042,43.2395,-90.931
920,"Marion, MO - Pike, MO",66520,39.68266731,-91.50145578
921,"Clinton, IA",46268,41.898,-90.532
922,"Clark, MO",6675,40.4103,-91.7384
923,"St. Croix, WI - Pierce, WI",138617,44.93735293,-92.44332237
924,"Hancock (Weirton), WV - Brooke, WV",50236,40.41425528,-80.57498513
925,"Bowie (Texarkana), TX",92115,33.4458,-94.4234
926,"Lauderdale, MS - Neshoba, MS",145572,32.45593693,-88.82066818
927,"Le Flore, OK - Sequoyah, OK",100596,35.17374858,-94.7719133
928,"Warren, MS - Claiborne, MS",51602,32.29350295,-90.86194542
929,"Adams, MS - Jefferson, MS",43493,31.52273958,-91.22227234
930,"Grayson (Sherman), TX - Fannin, TX",180663,33.61998201,-96.55976948
931,"Lamar, TX - Red River, TX",67718,33.6367446,-95.49000463
932,"Delaware, OK",41279,36.4082,-94.8026
933,"Washington, OK - Nowata, OK",62761,36.72772267,-95.86125465
934,"Lowndes, MS - Clay, MS",86246,33.46970385,-88.53011135
935,"Lipscomb, TX",2918,36.2776,-100.2731
936,"Pearl River, MS",57458,30.7688,-89.5896
937,"Gaines, TX - Andrews, TX",40842,32.54222407,-102.6363391
938,"Jasper (Joplin), MO - Newton, MO",219866,37.0759992,-94.34142018
939,"Minnehaha (Sioux Falls), SD - Lincoln, SD",325310,43.55528331,-96.8040173
940,"Cass (Fargo), ND - Richland, ND",242223,46.8892134,-97.28953014
941,"Olmsted (Rochester), MN - Winona, MN",356083,43.96399936,-92.43924314
942,"Dakota, NE - Thurston, NE",33526,42.36193343,-96.61065898
943,"Grant, KS - Stanton, KS",9267,37.56245394,-101.412726
944,"Cape Girardeau, MO - Butler, MO",275193,37.08483197,-89.91066569
945,"Dunklin, MO",27493,36.2721,-90.0909
946,"Howell, MO - Oregon, MO",56233,36.80946866,-91.74994645
947,"Yankton, SD - Clay, SD",53081,43.02467205,-97.38976665
948,"Goshen, WY - Niobrara, WY",14973,42.24108539,-104.3726103
949,"Grand Forks (Grand Forks), ND - Walsh, ND",96695,48.0607955,-97.55272561
950,"Campbell, WY - Crook, WY",54695,44.29458333,-105.4148564
951,"Texas, OK - Cimarron, OK",22992,36.74793859,-101.5892405
952,"Roberts, SD",10221,45.6296,-96.9461
953,"Buchanan (St. Joseph), MO - Nodaway, MO",149652,39.88479844,-94.72101478
954,"Todd, SD - Tripp, SD",20814,43.27052843,-100.2015712
955,"Red Willow, NE - Hitchcock, NE",13126,40.17589786,-100.5875592
956,"Pemiscot, MO",14958,36.2114,-89.7854
957,"Shannon, SD - Bennett, SD",3345,43.195,-101.664
958,"Martin, MN",19780,43.6744,-94.5511
959,"Perkins, SD - Harding, SD",4149,45.51534705,-102.7579547
960,"Clark, WA - Cowlitz, WA",633977,45.8563396,-122.5246006
961,"Asotin, WA - Garfield, WA",24820,46.21453366,-117.2354414
962,"Washoe (Reno), NV - Carson City, NV",725150,40.24047047,-119.5232602
963,"Colfax, NM",12322,36.6061,-104.6468
964,"Washington, UT - Kane, UT",211514,37.30321607,-113.3803472
965,"Grand, UT",9754,38.982,-109.5698
966,"Cache, UT",140046,41.7225,-111.7436
967,"Walla Walla, WA - Columbia, WA",66175,46.2339065,-118.4437889
968,"Malheur, OR",31954,43.1934,-117.6231
969,"Coos, OR - Curry, OR",88208,42.98425323,-124.0852175
970,"San Juan, UT",14483,37.626,-109.8046
971,"Laramie (Cheyenne), WY",101060,41.307,-104.6895
972,"Klickitat, WA - Skamania, WA",35813,45.92546779,-121.178894
973,"Jackson (Medford), OR - Josephine, OR",310824,42.41327759,-122.9631152
974,"McKinley, NM",70431,35.5807,-108.2618
975,"Albany, WY - Carbon, WY",52712,41.66544767,-106.0548916
976,"Whitman, WA",47003,46.9012,-117.523
977,"Sweetwater, WY",41542,41.6595,-108.8796
980,"Lawrence, OH",56819,38.5984,-82.5368
981,"Houston, MN",18653,43.6714,-91.4929
982,"Lee, IA",32893,40.642,-91.4793
983,"McCurtain, OK",30863,34.1154,-94.7713
984,"Pipestone, MN - Rock, MN",18905,43.84574561,-96.25585187
985,"La Plata, CO - Montezuma, CO",99799,37.30219229,-107.9471496
986,"San Juan, NM",120942,36.5085,-108.3206
