hsa_nci_id,peak_date,peak_size
1,12/31/2022,1.52
1,12/23/2023,3.94
1,8/31/2024,2.57
1,9/20/2025,1.13
1,1/10/2026,1.61
10,1/21/2023,2.15
10,9/30/2023,1.64
10,12/30/2023,3.11
10,8/31/2024,1.99
10,1/4/2025,1.27
10,9/20/2025,0.67
10,1/3/2026,1.07
101,12/31/2022,5.23
101,9/23/2023,2.56
101,12/30/2023,5.28
101,8/31/2024,2.88
101,1/4/2025,2.08
101,9/6/2025,1.24
101,1/10/2026,1.52
102,12/17/2022,4.92
102,9/2/2023,3.33
102,12/16/2023,3.42
102,8/31/2024,3.84
102,12/28/2024,1.62
102,9/6/2025,1.46
102,2/28/2026,1.25
103,1/14/2023,2.73
103,9/23/2023,3.11
103,12/23/2023,3.9
103,9/7/2024,2.25
103,1/18/2025,1.92
103,1/3/2026,1.34
104,1/21/2023,3.74
104,9/9/2023,2.65
104,12/23/2023,3.17
104,8/24/2024,5.18
104,12/28/2024,1.98
104,9/6/2025,1.5
104,12/20/2025,2.04
105,2/11/2023,4.12
105,9/9/2023,2.81
105,12/30/2023,6.03
105,9/14/2024,5.24
105,1/25/2025,1.94
105,4/5/2025,1.29
105,9/20/2025,1.43
105,2/14/2026,1.48
106,2/11/2023,2.97
106,9/30/2023,1.91
106,12/23/2023,4.78
106,9/7/2024,3.94
106,1/11/2025,1.63
106,9/20/2025,0.9
106,2/7/2026,1.35
107,12/24/2022,6.09
107,9/16/2023,2.49
107,12/30/2023,4.35
107,9/7/2024,2.65
107,1/4/2025,2.16
107,8/30/2025,1.89
107,1/3/2026,1.02
108,10/15/2022,4.2
108,12/31/2022,4.67
108,9/23/2023,2.11
108,12/30/2023,4.5
108,8/17/2024,2.15
108,1/4/2025,1.91
108,9/6/2025,1.07
108,1/3/2026,1.11
109,12/31/2022,4.53
109,9/9/2023,2.1
109,12/30/2023,4.15
109,8/17/2024,3.13
109,2/15/2025,1.22
109,8/23/2025,2.57
109,3/14/2026,0.68
11,12/31/2022,3.91
11,8/26/2023,3.03
11,11/18/2023,4.81
11,9/7/2024,4.03
11,12/28/2024,2.86
11,9/6/2025,0.96
11,1/17/2026,2.25
112,12/31/2022,4.71
112,9/30/2023,2.62
112,12/30/2023,5.98
112,9/14/2024,3.03
112,1/11/2025,2.54
112,9/20/2025,1.03
112,1/10/2026,1.75
114,12/31/2022,3.31
114,9/2/2023,2.35
114,12/16/2023,2.41
114,8/31/2024,2.17
114,1/4/2025,1.04
114,9/6/2025,1.02
114,2/28/2026,1.13
115,12/24/2022,2.11
115,5/13/2023,0.83
115,9/2/2023,2.41
115,12/23/2023,2.71
115,8/10/2024,1.92
115,1/4/2025,1.92
116,12/24/2022,2.82
116,12/9/2023,3.59
116,8/24/2024,2.59
116,12/21/2024,1.82
116,1/10/2026,1.24
119,12/24/2022,4.99
119,8/26/2023,6.3
119,12/16/2023,5.13
119,8/31/2024,6.13
119,2/22/2025,1.36
119,9/13/2025,1.63
119,1/17/2026,2.44
12,12/17/2022,4.17
12,9/2/2023,4.47
12,12/23/2023,5.3
12,9/7/2024,3.47
12,1/18/2025,3.27
12,9/13/2025,1.09
12,1/24/2026,2.08
121,12/31/2022,5.35
121,9/23/2023,2
121,12/30/2023,4.14
121,8/10/2024,1.89
121,1/11/2025,1.31
121,9/13/2025,1.28
121,1/3/2026,0.73
122,12/23/2023,3.06
122,9/7/2024,2.08
122,1/18/2025,1.67
122,1/3/2026,1.29
123,1/7/2023,3.51
123,5/6/2023,1.4
123,9/16/2023,4.09
123,11/25/2023,4.67
123,2/24/2024,2.92
123,8/31/2024,7.16
123,1/11/2025,1.82
123,8/30/2025,0.85
123,12/27/2025,1.87
123,3/28/2026,0.83
124,1/7/2023,4.97
124,1/6/2024,5.39
124,8/24/2024,2.63
124,1/25/2025,1.48
124,1/17/2026,1.02
126,1/7/2023,5.31
126,9/23/2023,2.04
126,1/6/2024,3.49
126,8/3/2024,2.55
126,1/25/2025,1.63
126,9/13/2025,1.15
126,1/10/2026,0.77
127,1/21/2023,5.43
127,9/23/2023,1.63
127,12/30/2023,3.65
127,8/10/2024,2.3
127,1/25/2025,1.27
127,8/30/2025,1.06
127,1/24/2026,1.53
13,12/31/2022,4.36
13,12/2/2023,8.02
13,8/31/2024,6.13
13,12/21/2024,3.05
13,9/6/2025,1.06
13,1/10/2026,2.08
131,12/31/2022,6.69
131,11/18/2023,6.2
131,9/7/2024,5.43
131,12/21/2024,1.72
131,9/6/2025,1.06
131,12/27/2025,1.53
135,12/31/2022,5.27
135,8/26/2023,2.84
135,12/30/2023,4.69
135,8/17/2024,3.12
135,2/8/2025,1.55
135,8/23/2025,1.94
136,2/11/2023,3.34
136,9/30/2023,2.58
136,12/16/2023,5.07
136,8/24/2024,4.98
136,12/28/2024,4.31
136,1/3/2026,3.06
14,12/31/2022,7.17
14,12/23/2023,4.68
14,8/24/2024,3.95
14,1/18/2025,1.68
14,8/30/2025,1.71
14,3/14/2026,1.19
141,12/31/2022,4.15
141,9/2/2023,4.36
141,2/10/2024,4.48
141,8/17/2024,3.58
141,2/1/2025,2.11
141,8/30/2025,1.56
141,12/13/2025,1.11
143,1/21/2023,2.2
143,8/19/2023,1.91
143,12/30/2023,0.69
143,8/10/2024,2.44
143,8/23/2025,1.64
144,1/14/2023,1.93
144,8/19/2023,0.73
144,4/6/2024,0.54
144,8/24/2024,1.92
144,8/30/2025,1.38
145,1/7/2023,3.27
145,8/26/2023,3.63
145,2/17/2024,2.9
145,8/24/2024,4.7
145,2/1/2025,1.24
145,8/30/2025,2.24
145,1/10/2026,0.99
146,12/24/2022,6.13
146,8/26/2023,3.19
146,12/30/2023,3.56
146,2/24/2024,3.27
146,8/10/2024,4.81
146,1/25/2025,1.91
146,8/30/2025,1.62
146,12/6/2025,1.73
147,1/7/2023,2.1
147,9/2/2023,1.99
147,12/30/2023,1.94
147,2/24/2024,1.55
147,8/17/2024,2.05
147,2/8/2025,0.94
147,8/30/2025,0.83
147,12/27/2025,0.8
148,12/31/2022,2.68
148,8/26/2023,2.31
148,12/30/2023,2.35
148,2/24/2024,1.95
148,8/17/2024,2.24
148,3/1/2025,1.04
148,8/30/2025,1.13
148,12/27/2025,0.72
149,12/31/2022,6.36
149,9/9/2023,3.56
149,12/30/2023,4.41
149,8/24/2024,3.81
149,1/11/2025,1.71
149,8/30/2025,1.96
149,1/3/2026,0.87
149,3/14/2026,1.07
151,12/31/2022,3.82
151,9/2/2023,2.56
151,12/23/2023,4.57
151,8/24/2024,3.02
151,12/28/2024,1.89
151,9/6/2025,0.85
151,12/27/2025,1.36
153,12/31/2022,1.97
153,8/26/2023,1.49
153,1/13/2024,1.69
153,8/10/2024,1.83
153,2/22/2025,0.7
153,8/23/2025,1.13
154,12/31/2022,4.11
154,8/19/2023,4.02
154,1/6/2024,3.49
154,8/17/2024,4.37
154,3/1/2025,1.77
154,8/30/2025,2.34
154,1/10/2026,0.77
157,12/31/2022,4.23
157,8/26/2023,3.11
157,12/30/2023,3.35
157,8/17/2024,3.17
157,12/28/2024,1.46
157,3/1/2025,1.42
157,8/23/2025,1.96
157,1/10/2026,0.74
16,12/31/2022,4.51
16,9/9/2023,2.1
16,12/30/2023,3.2
16,8/31/2024,2.33
16,2/1/2025,1.2
16,8/30/2025,1.37
16,3/7/2026,0.77
160,12/31/2022,6.59
160,8/26/2023,4.8
160,2/10/2024,4.35
160,8/17/2024,5.61
160,3/1/2025,1.55
160,8/30/2025,3.16
160,12/27/2025,0.57
164,12/31/2022,4.68
164,8/26/2023,4.8
164,2/10/2024,4.89
164,8/10/2024,7.22
164,2/15/2025,2.08
164,8/30/2025,3.21
164,12/27/2025,1.38
167,12/31/2022,5.81
167,9/9/2023,3.9
167,1/6/2024,3.62
167,8/10/2024,4.44
167,1/18/2025,1.29
167,9/6/2025,3.19
168,12/31/2022,4.35
168,9/16/2023,2.9
168,12/30/2023,2.74
168,8/31/2024,3.42
168,1/11/2025,0.91
168,9/6/2025,2.71
169,12/31/2022,4.56
169,9/2/2023,2.41
169,12/23/2023,4.38
169,8/24/2024,3.61
169,1/4/2025,2.09
169,9/6/2025,1
169,1/17/2026,1.22
17,2/25/2023,4.16
17,12/23/2023,3.73
17,9/7/2024,2.62
17,1/11/2025,3.07
17,1/3/2026,1.99
170,12/31/2022,4.39
170,9/9/2023,3.03
170,1/6/2024,2.63
170,8/17/2024,4.14
170,3/1/2025,1.05
170,8/30/2025,2.36
170,3/14/2026,0.7
176,12/31/2022,5.05
176,8/26/2023,6.68
176,12/30/2023,1.92
178,1/7/2023,1.38
178,8/26/2023,1.3
178,2/17/2024,0.63
18,1/7/2023,3.87
18,9/2/2023,2.63
18,12/23/2023,3.31
18,8/31/2024,4.32
18,12/28/2024,1.82
18,9/6/2025,1.52
18,1/3/2026,1.25
180,1/7/2023,3.74
180,8/19/2023,3.66
180,2/3/2024,2.5
180,8/10/2024,4.06
180,8/16/2025,2.95
182,12/31/2022,5.19
182,8/26/2023,2.81
182,2/10/2024,3.26
182,8/17/2024,3.3
182,1/4/2025,1.33
182,8/30/2025,1.85
182,12/27/2025,0.7
184,12/31/2022,6.56
184,8/26/2023,3.76
184,12/30/2023,3.32
184,8/17/2024,4.99
184,3/8/2025,1.69
184,8/30/2025,2.12
184,2/14/2026,1.26
186,12/31/2022,7.3
186,9/16/2023,4.16
186,12/30/2023,4.41
186,8/31/2024,4.49
186,2/15/2025,1.53
186,9/6/2025,3.07
186,3/14/2026,0.9
187,12/31/2022,6.65
187,8/26/2023,4.4
187,2/3/2024,4.58
187,8/17/2024,6.38
187,2/8/2025,1.51
187,8/30/2025,3.49
187,1/24/2026,0.8
188,12/31/2022,4.93
188,9/2/2023,2.78
188,12/23/2023,4.52
188,8/17/2024,4.57
188,1/11/2025,2.34
188,8/30/2025,1.53
188,12/20/2025,1.66
189,1/7/2023,1.45
189,8/26/2023,1.24
189,2/10/2024,1.82
189,8/17/2024,3.24
189,1/25/2025,0.77
189,8/30/2025,2.75
19,12/31/2022,3.76
19,9/23/2023,2.57
19,12/30/2023,4.05
19,9/7/2024,2.67
19,1/18/2025,0.98
19,9/20/2025,0.91
19,2/14/2026,1.51
190,12/31/2022,3.27
190,8/26/2023,2.15
190,1/6/2024,2.61
190,8/17/2024,3.02
190,2/22/2025,1.09
190,8/23/2025,1.65
191,1/7/2023,5.7
191,12/30/2023,3.58
191,8/10/2024,4.38
191,3/8/2025,2.07
191,9/6/2025,1.85
191,2/28/2026,1.1
192,12/31/2022,5.87
192,9/9/2023,3.55
192,12/30/2023,3.55
192,8/17/2024,3.4
192,1/11/2025,1.69
192,9/6/2025,2.09
192,1/10/2026,1.13
193,1/14/2023,5.18
193,8/19/2023,1.43
193,2/3/2024,1.33
193,8/24/2024,3.85
193,3/1/2025,1.15
193,8/30/2025,2.77
194,12/31/2022,6.54
194,9/9/2023,3.23
194,12/23/2023,5.63
194,8/31/2024,3.89
194,12/28/2024,1.66
194,9/6/2025,1.41
194,1/3/2026,0.83
195,1/7/2023,4.07
195,9/16/2023,4.04
195,12/30/2023,2.92
195,8/24/2024,3.5
195,2/8/2025,0.89
195,9/6/2025,2.84
195,2/7/2026,0.75
196,12/31/2022,5.42
196,8/26/2023,4.65
196,2/17/2024,4.18
196,8/24/2024,4.81
196,2/8/2025,1.4
196,8/30/2025,2.51
196,1/24/2026,1
198,12/31/2022,5.89
198,9/9/2023,3.18
198,1/13/2024,3.31
198,8/17/2024,4.39
198,3/22/2025,1.26
198,8/30/2025,2.53
198,1/3/2026,0.69
199,12/31/2022,5.88
199,9/9/2023,5.27
199,1/20/2024,4.07
199,8/17/2024,7.77
199,1/25/2025,2.34
199,8/30/2025,3.24
199,1/3/2026,1.25
2,12/24/2022,3.39
2,9/9/2023,2.68
2,12/30/2023,3.5
2,8/24/2024,3
2,12/28/2024,1.54
2,8/30/2025,1.32
2,1/17/2026,1.48
20,12/31/2022,4.26
20,9/16/2023,2.49
20,12/30/2023,4.9
20,8/17/2024,2.61
20,1/18/2025,1.79
20,9/13/2025,1.27
20,1/3/2026,1.35
203,12/31/2022,4.9
203,9/9/2023,2.85
203,2/3/2024,2.89
203,8/17/2024,3.07
203,3/15/2025,0.95
203,8/30/2025,1.94
203,3/7/2026,0.6
204,12/31/2022,3.06
204,8/26/2023,3.64
204,2/17/2024,3.49
204,8/17/2024,2.47
204,3/8/2025,1.65
204,8/23/2025,1.75
204,2/21/2026,0.75
205,12/31/2022,5.36
205,9/9/2023,4.13
205,2/10/2024,3.96
205,8/31/2024,3.73
205,3/15/2025,1.66
205,9/6/2025,2.81
205,3/21/2026,0.75
206,12/31/2022,4.12
206,8/19/2023,4.88
206,2/3/2024,3.79
206,8/17/2024,4.78
206,1/18/2025,1.24
206,3/22/2025,1.36
206,8/30/2025,2.68
206,2/14/2026,0.98
207,12/31/2022,5.3
207,9/9/2023,3.87
207,2/10/2024,2.93
207,8/31/2024,3.78
207,3/8/2025,1.27
207,9/6/2025,2.57
207,2/21/2026,1.03
208,12/31/2022,4.59
208,9/2/2023,4.51
208,12/30/2023,4.02
208,3/2/2024,2.84
208,8/10/2024,3.14
208,1/4/2025,1.94
208,3/8/2025,1.85
208,8/30/2025,1.14
208,2/28/2026,0.97
209,12/31/2022,6.83
209,9/9/2023,3.58
209,1/27/2024,4.28
209,8/24/2024,4.5
209,3/1/2025,1.62
209,9/6/2025,2.23
209,3/7/2026,0.75
21,1/7/2023,3.02
21,3/18/2023,2.67
21,9/30/2023,2.42
21,12/30/2023,3.98
21,9/21/2024,3.45
21,1/11/2025,1.55
21,1/24/2026,1.33
211,12/31/2022,1.82
211,8/26/2023,2.71
211,2/17/2024,1.83
211,8/10/2024,2.15
211,3/8/2025,1.57
211,8/30/2025,1.43
211,12/27/2025,0.79
212,12/31/2022,4.05
212,9/2/2023,3.54
212,1/6/2024,2.61
212,8/3/2024,3.23
212,1/11/2025,0.58
212,8/30/2025,2.78
214,1/7/2023,6.58
214,9/2/2023,4.17
214,1/6/2024,3.29
214,8/31/2024,4.19
214,1/25/2025,1.42
214,9/6/2025,2.59
214,3/28/2026,0.83
215,1/7/2023,2.42
215,9/2/2023,2.57
215,12/30/2023,2.53
215,3/9/2024,1.29
215,8/17/2024,2.46
215,3/1/2025,1.58
215,8/30/2025,0.77
215,1/31/2026,0.82
216,12/31/2022,3.65
216,8/26/2023,3.34
216,2/24/2024,2.3
216,8/24/2024,2.86
216,3/8/2025,1.61
216,8/30/2025,1.08
217,1/7/2023,2.89
217,9/2/2023,2.41
217,12/2/2023,2.32
217,3/2/2024,1.3
217,8/17/2024,3.64
217,12/28/2024,0.9
217,8/30/2025,1.4
217,1/3/2026,1.15
218,12/31/2022,4.22
218,9/2/2023,3.16
218,12/30/2023,2.98
218,8/17/2024,4.02
218,3/8/2025,1.73
218,8/30/2025,2.57
218,3/14/2026,0.66
22,12/31/2022,4.81
22,9/23/2023,2.05
22,12/30/2023,3.78
22,8/3/2024,1.88
22,1/4/2025,1.44
22,9/13/2025,1.02
22,1/3/2026,1.01
220,12/31/2022,4.61
220,9/9/2023,2.33
220,1/6/2024,3.27
220,8/10/2024,3.06
220,3/1/2025,1.58
220,8/23/2025,1.04
222,12/31/2022,3.36
222,8/26/2023,4.74
222,1/6/2024,2.15
222,8/17/2024,4.59
222,3/15/2025,1.61
222,8/30/2025,0.93
223,12/31/2022,2.07
223,8/26/2023,2.5
223,11/25/2023,2.39
223,3/2/2024,1.63
223,8/24/2024,3.04
223,2/8/2025,2.33
223,8/23/2025,0.94
223,2/28/2026,0.78
225,12/31/2022,4.98
225,9/9/2023,2.84
225,12/30/2023,3.61
225,8/17/2024,3.37
225,2/1/2025,1.55
225,9/6/2025,1.66
225,1/3/2026,0.75
226,12/31/2022,2.17
226,8/26/2023,2.44
226,12/30/2023,1.95
226,2/24/2024,2.31
226,8/24/2024,2.2
226,1/4/2025,0.96
226,3/15/2025,0.96
226,8/23/2025,0.96
226,1/3/2026,0.98
228,12/31/2022,3.65
228,8/26/2023,1.74
228,1/27/2024,1.91
228,8/10/2024,4.11
228,1/25/2025,0.64
228,8/16/2025,2.32
228,2/28/2026,0.9
229,12/31/2022,4.72
229,9/16/2023,3.58
229,12/30/2023,3.35
229,8/31/2024,3.83
229,1/25/2025,2.04
229,9/6/2025,1.98
229,1/3/2026,0.88
229,3/14/2026,0.88
23,1/7/2023,2.92
23,9/23/2023,1.5
23,12/30/2023,3
23,8/10/2024,1.59
23,1/11/2025,1.24
23,9/6/2025,0.73
23,1/10/2026,0.81
231,12/31/2022,3.6
231,8/26/2023,3.38
231,12/30/2023,3.15
231,2/24/2024,2.4
231,8/17/2024,2.79
231,12/28/2024,1.23
231,8/30/2025,1.55
232,12/31/2022,3.92
232,8/26/2023,2.8
232,12/23/2023,2.72
232,8/17/2024,1.47
232,3/8/2025,1.41
232,9/6/2025,0.76
232,1/10/2026,0.93
234,12/24/2022,1.71
234,8/26/2023,1.69
234,2/3/2024,1.5
234,8/10/2024,1.54
234,3/1/2025,0.74
234,8/30/2025,0.9
234,1/3/2026,0.71
235,12/31/2022,5.59
235,9/2/2023,4.26
235,1/6/2024,3.61
235,4/20/2024,2.14
235,8/24/2024,4.66
235,3/15/2025,1.52
235,8/30/2025,2.59
235,2/28/2026,0.67
238,12/31/2022,6.23
238,9/16/2023,4.31
238,1/6/2024,3.47
238,8/17/2024,5.74
238,1/18/2025,1.28
238,9/6/2025,3.02
238,2/28/2026,1.11
239,12/31/2022,3.99
239,8/26/2023,4.69
239,1/6/2024,3.9
239,3/2/2024,3.46
239,8/17/2024,4.25
239,3/15/2025,2.51
239,8/30/2025,1.73
239,1/3/2026,1.45
240,12/31/2022,5.86
240,4/1/2023,2.92
240,9/9/2023,3.13
240,12/16/2023,4.26
240,8/17/2024,4.79
240,3/8/2025,1.47
240,9/6/2025,1.58
240,1/10/2026,1.21
242,12/31/2022,6.94
242,9/16/2023,3.45
242,12/30/2023,4.22
242,8/31/2024,4.44
242,1/11/2025,1.69
242,9/6/2025,2.4
242,2/21/2026,0.76
243,1/7/2023,6.38
243,9/2/2023,4.06
243,2/3/2024,4.6
243,8/24/2024,6.13
243,1/4/2025,1.8
243,9/6/2025,4.02
243,2/28/2026,1.31
244,12/31/2022,6.2
244,9/9/2023,3.57
244,1/6/2024,3.37
244,8/17/2024,4.98
244,1/25/2025,1.44
244,8/30/2025,3.06
244,3/7/2026,0.71
245,1/14/2023,3.84
245,8/26/2023,2.7
245,12/23/2023,4.75
245,8/24/2024,2.4
245,12/28/2024,1.78
245,8/30/2025,1.24
245,1/3/2026,1.42
246,12/31/2022,4.18
246,9/2/2023,4.33
246,12/30/2023,3.14
246,8/31/2024,3.22
246,3/15/2025,1.21
246,8/30/2025,2.1
246,2/21/2026,0.63
248,1/7/2023,4.5
248,9/9/2023,1.9
248,12/9/2023,3.26
248,8/24/2024,4.14
248,2/8/2025,0.81
248,9/13/2025,1.22
248,1/3/2026,1.51
249,12/31/2022,3.2
249,9/2/2023,1.59
249,2/24/2024,1.37
249,8/31/2024,2.74
249,9/6/2025,1.42
25,12/31/2022,5.8
25,9/2/2023,2.19
25,12/23/2023,6.43
25,8/24/2024,3.23
25,2/22/2025,1.76
25,8/30/2025,1.76
25,1/17/2026,1.61
252,10/29/2022,3.26
252,1/7/2023,4.58
252,8/26/2023,3.22
252,12/9/2023,3.99
252,8/24/2024,3.96
252,3/1/2025,1.76
252,8/30/2025,1.69
252,1/3/2026,1.88
256,12/31/2022,6.55
256,5/6/2023,1.57
256,9/9/2023,3.71
256,12/30/2023,6.35
256,8/24/2024,5.63
256,1/18/2025,3.49
256,9/6/2025,3.2
256,1/10/2026,0.84
258,1/14/2023,3.52
258,9/2/2023,2.13
258,12/30/2023,3.07
258,8/10/2024,1.33
258,1/11/2025,1.33
258,9/6/2025,1.65
260,12/31/2022,4.75
260,9/2/2023,4.35
260,2/24/2024,4.88
260,8/17/2024,4.13
260,12/28/2024,1.85
260,8/16/2025,1.78
261,12/17/2022,3.67
261,9/16/2023,3.8
261,1/20/2024,4.12
261,8/31/2024,4.84
261,2/22/2025,1.63
261,9/6/2025,2.88
261,1/10/2026,0.95
262,12/31/2022,4.37
262,9/9/2023,3.04
262,2/10/2024,2.85
262,8/17/2024,2.91
262,3/15/2025,1.24
262,9/6/2025,2.41
262,3/7/2026,0.61
263,1/28/2023,1.17
263,11/11/2023,1.22
263,9/7/2024,1.25
263,12/20/2025,1.65
264,1/7/2023,4.03
264,9/9/2023,2.1
264,12/30/2023,3.45
264,8/17/2024,3.84
264,1/11/2025,1.5
264,9/6/2025,1.71
264,2/14/2026,1.06
267,10/22/2022,3.73
267,12/31/2022,7.43
267,9/16/2023,4.39
267,1/20/2024,4.13
267,8/24/2024,5.15
267,2/22/2025,1.45
267,8/30/2025,2.95
267,3/7/2026,1.08
269,1/7/2023,6.82
269,8/19/2023,4.26
269,2/10/2024,4.22
269,8/10/2024,2.7
269,3/1/2025,1.85
269,8/23/2025,2.52
269,2/14/2026,1.06
27,1/7/2023,4.78
27,9/9/2023,2.88
27,12/2/2023,4.69
27,8/31/2024,3.35
27,12/28/2024,3.33
27,9/6/2025,1.88
27,12/27/2025,2.38
271,12/24/2022,3.66
271,3/25/2023,1.88
271,9/23/2023,2.84
271,12/23/2023,4.94
271,8/24/2024,2.2
271,1/11/2025,2.71
271,9/6/2025,0.75
271,2/7/2026,2.03
272,12/24/2022,3.39
272,9/9/2023,2.28
272,12/30/2023,4.41
272,8/24/2024,4.4
272,12/28/2024,2.54
272,8/23/2025,2.06
272,1/3/2026,1.12
273,1/14/2023,4.37
273,12/23/2023,4.37
273,8/24/2024,3.76
273,2/1/2025,2.31
273,1/10/2026,1.9
274,12/24/2022,4.05
274,2/25/2023,2.48
274,9/16/2023,2.3
274,12/30/2023,4.49
274,9/7/2024,2.24
274,1/11/2025,2.53
274,9/13/2025,0.91
274,1/3/2026,1.96
275,12/17/2022,4.22
275,9/2/2023,1.39
275,12/23/2023,2.62
275,8/17/2024,2.67
275,12/28/2024,1.39
275,8/23/2025,0.97
275,1/3/2026,1.18
277,12/17/2022,4.76
277,3/11/2023,2.12
277,9/2/2023,2.06
277,12/23/2023,5.19
277,8/24/2024,3.01
277,1/4/2025,2.45
277,9/6/2025,0.67
277,1/3/2026,2.37
278,12/17/2022,3.16
278,2/25/2023,2.19
278,12/16/2023,3.84
278,8/24/2024,2.77
278,1/4/2025,1.88
278,9/13/2025,0.72
278,1/10/2026,1.72
279,12/10/2022,2.7
279,9/9/2023,1.68
279,12/30/2023,2.48
279,8/24/2024,2.44
279,1/4/2025,1.55
279,9/6/2025,0.79
279,1/10/2026,1.49
280,12/24/2022,2.46
280,12/23/2023,3.33
280,8/17/2024,2.25
280,1/11/2025,1.74
280,9/6/2025,0.89
280,1/10/2026,1.24
282,12/17/2022,3.99
282,3/11/2023,3.14
282,12/23/2023,4.18
282,8/31/2024,2.63
282,1/11/2025,2.16
282,9/13/2025,0.73
282,1/10/2026,1.91
284,11/19/2022,4.99
284,3/25/2023,4.17
284,9/16/2023,2.44
284,12/23/2023,5.36
284,9/7/2024,2.68
284,1/11/2025,3.78
284,9/13/2025,0.64
284,1/17/2026,1.83
285,12/24/2022,2.14
285,9/16/2023,1.24
285,12/23/2023,2.67
285,9/7/2024,1.18
285,1/4/2025,1.69
285,9/13/2025,0.63
285,1/10/2026,1.37
286,12/23/2023,3.62
286,8/10/2024,2.12
286,1/4/2025,1.87
286,9/6/2025,0.9
286,1/3/2026,1.04
287,12/24/2022,4.09
287,12/23/2023,3.65
287,8/24/2024,2.32
287,1/4/2025,1.58
287,9/6/2025,0.9
287,1/10/2026,1.75
289,12/24/2022,3.49
289,12/16/2023,4.5
289,9/14/2024,1.99
289,1/4/2025,2.29
289,9/13/2025,0.73
289,1/10/2026,1.38
29,12/31/2022,4.36
29,9/2/2023,3.7
29,12/30/2023,3.6
29,8/24/2024,3.66
29,12/28/2024,2.17
29,8/30/2025,1.87
29,1/3/2026,1.31
290,12/24/2022,7.97
290,12/16/2023,4.44
290,8/31/2024,3.65
290,1/3/2026,2.89
291,12/17/2022,4.38
291,3/4/2023,2.22
291,9/16/2023,1.78
291,12/23/2023,4.73
291,8/31/2024,2.32
291,1/4/2025,2.75
291,8/30/2025,0.88
291,1/10/2026,2.5
293,12/17/2022,2.95
293,3/18/2023,2.77
293,12/2/2023,3.7
293,8/31/2024,2.22
293,1/18/2025,1.86
293,1/24/2026,1.35
294,10/22/2022,2.09
294,12/31/2022,1.97
294,3/25/2023,2.22
294,9/23/2023,2.77
294,12/23/2023,4.48
294,9/14/2024,3.17
294,1/11/2025,2.93
294,9/20/2025,0.97
294,1/17/2026,1.98
296,12/17/2022,3.46
296,9/23/2023,2.23
296,12/23/2023,5.97
296,8/31/2024,2.15
296,1/4/2025,2.06
296,9/13/2025,1.02
296,1/17/2026,1.97
297,12/24/2022,4.14
297,3/25/2023,2.5
297,9/23/2023,2.12
297,12/23/2023,5.09
297,9/7/2024,2.57
297,1/11/2025,2.14
297,1/10/2026,2.52
298,12/10/2022,2.12
298,12/23/2023,4.1
298,8/24/2024,2.47
298,1/11/2025,2.21
298,9/13/2025,0.66
298,1/10/2026,1.96
299,12/17/2022,4.43
299,9/9/2023,2.4
299,12/23/2023,5.14
299,8/24/2024,3.04
299,1/4/2025,2.29
299,9/6/2025,0.99
299,1/3/2026,2.35
3,12/31/2022,5.41
3,9/16/2023,2.6
3,12/30/2023,4.68
3,8/17/2024,3.39
3,1/4/2025,1.87
3,9/13/2025,1.58
3,1/10/2026,1.17
30,1/7/2023,6.14
30,10/28/2023,2.98
30,12/23/2023,3.7
30,9/7/2024,5.15
30,1/4/2025,2.64
30,8/30/2025,2.13
30,3/14/2026,1.3
300,12/17/2022,3.97
300,3/4/2023,2.59
300,9/2/2023,2.18
300,12/23/2023,5.57
300,8/24/2024,3.69
300,1/4/2025,3.21
300,9/6/2025,0.79
300,1/10/2026,1.55
301,12/17/2022,2.73
301,3/11/2023,1.95
301,9/16/2023,1.82
301,12/23/2023,3.15
301,8/17/2024,2.35
301,1/11/2025,1.64
301,9/20/2025,1
301,1/17/2026,1.31
302,11/5/2022,4.66
302,3/18/2023,3.68
302,12/23/2023,5.21
302,8/24/2024,2.28
302,1/4/2025,2.72
302,1/10/2026,2.86
303,12/24/2022,5.03
303,9/2/2023,1.95
303,12/23/2023,4.81
303,8/24/2024,2.79
303,12/28/2024,2.4
303,9/6/2025,1.04
303,1/10/2026,1.95
304,12/17/2022,3.59
304,3/11/2023,1.72
304,12/23/2023,5.29
304,8/31/2024,3.48
304,1/4/2025,2.79
304,8/30/2025,0.59
304,1/3/2026,2.8
305,12/17/2022,4.82
305,12/30/2023,4.02
305,8/31/2024,3.43
305,12/28/2024,2.15
305,12/27/2025,3.21
306,12/17/2022,4.16
306,3/4/2023,2.98
306,12/23/2023,4.94
306,8/31/2024,3.17
306,1/4/2025,2.39
306,9/13/2025,1.1
306,1/24/2026,1.88
307,12/17/2022,3.94
307,3/11/2023,3.38
307,9/2/2023,1.76
307,12/23/2023,5.3
307,8/24/2024,2.72
307,1/11/2025,3.36
307,8/30/2025,0.98
307,1/10/2026,2.05
308,12/24/2022,4.16
308,8/26/2023,1.81
308,12/23/2023,5.02
308,8/24/2024,2.89
308,1/4/2025,2.58
308,8/30/2025,0.83
308,1/10/2026,2.48
309,12/17/2022,2.73
309,9/16/2023,1.63
309,12/23/2023,4.05
309,8/31/2024,2.08
309,12/28/2024,1.66
309,9/13/2025,0.75
309,1/10/2026,1.67
31,12/31/2022,4.5
31,9/16/2023,2.82
31,12/23/2023,4.16
31,9/7/2024,4.37
31,1/4/2025,1.96
31,9/6/2025,1.49
31,1/10/2026,2.27
310,12/24/2022,4.99
310,9/9/2023,2.45
310,12/23/2023,5.96
310,8/24/2024,3.33
310,12/21/2024,2.13
310,1/3/2026,2.41
312,12/17/2022,4.9
312,2/18/2023,2.41
312,9/9/2023,2.06
312,12/23/2023,5.13
312,8/31/2024,2.57
312,1/4/2025,2.94
312,9/6/2025,0.81
312,12/27/2025,1.99
313,12/24/2022,3.25
313,12/16/2023,3.6
313,8/31/2024,3.24
313,12/28/2024,2.07
313,8/23/2025,0.67
313,1/10/2026,0.9
314,12/24/2022,1.17
314,3/25/2023,1.31
314,12/16/2023,2.92
314,8/24/2024,2
314,1/24/2026,1.06
315,3/18/2023,3.51
315,12/23/2023,6.05
315,8/24/2024,2.24
315,2/8/2025,1.44
315,9/6/2025,0.8
315,1/10/2026,1.87
316,1/28/2023,3.9
316,12/16/2023,7.18
316,8/17/2024,3.97
316,1/11/2025,2.69
316,12/6/2025,1.51
317,12/31/2022,3.6
317,9/16/2023,2.95
317,12/23/2023,6.93
317,9/7/2024,2.56
317,1/18/2025,3
317,2/7/2026,1.75
318,12/17/2022,3.92
318,12/16/2023,4.55
318,8/24/2024,3.78
318,1/11/2025,2.19
318,9/6/2025,0.75
318,1/3/2026,2.74
319,12/17/2022,4.38
319,3/25/2023,1.1
319,9/2/2023,2.07
319,1/13/2024,4.03
319,8/24/2024,2.93
319,1/11/2025,1.95
319,8/23/2025,0.94
319,1/3/2026,2.23
32,12/24/2022,5.94
32,9/30/2023,3.02
32,12/30/2023,4.64
32,8/24/2024,3.12
32,1/4/2025,2.65
32,9/13/2025,1.46
32,1/10/2026,1.7
320,12/17/2022,3.77
320,3/11/2023,2.47
320,9/16/2023,2.61
320,12/23/2023,5.71
320,9/7/2024,3.06
320,1/4/2025,2.11
320,9/6/2025,0.78
320,1/10/2026,1.66
321,12/10/2022,4.26
321,2/11/2023,3.93
321,9/9/2023,3.11
321,12/16/2023,4.82
321,8/24/2024,3.14
321,1/4/2025,3.57
321,8/23/2025,1.13
321,1/3/2026,1.97
322,12/24/2022,3.26
322,9/16/2023,1.85
322,12/23/2023,4.51
322,9/7/2024,2.97
322,1/4/2025,2.66
322,9/20/2025,0.69
322,1/24/2026,2.29
323,12/24/2022,3.54
323,9/2/2023,2.78
323,12/16/2023,7.62
323,8/24/2024,3.54
323,12/28/2024,3.72
323,9/13/2025,2.05
323,12/27/2025,2.56
324,12/3/2022,5.01
324,3/25/2023,2.68
324,9/9/2023,2.45
324,12/16/2023,6.13
324,8/24/2024,2.08
324,1/4/2025,3.96
324,1/10/2026,2.46
325,12/24/2022,4.25
325,9/2/2023,2.77
325,12/23/2023,4.31
325,8/24/2024,3.14
325,1/4/2025,2.28
325,8/30/2025,0.84
325,1/3/2026,1.85
326,12/17/2022,2.39
326,3/25/2023,1.98
326,9/16/2023,1.81
326,12/23/2023,3.53
326,8/31/2024,2.5
326,1/11/2025,2.37
326,9/13/2025,1.26
326,1/10/2026,2.5
327,12/17/2022,3.47
327,9/16/2023,1.35
327,12/23/2023,3.06
327,8/31/2024,1.6
327,1/18/2025,1.95
327,1/10/2026,1.71
328,12/24/2022,2.83
328,3/11/2023,1.64
328,12/30/2023,3.41
328,9/14/2024,1.6
328,1/4/2025,1.95
328,1/10/2026,1.7
33,12/31/2022,5.08
33,9/9/2023,2.33
33,12/30/2023,4.05
33,8/24/2024,3.69
33,2/8/2025,1.47
33,8/30/2025,1.74
33,1/24/2026,0.93
330,11/5/2022,3.49
330,3/4/2023,2.44
330,9/16/2023,2.26
330,12/23/2023,6.53
330,9/7/2024,3.12
330,1/25/2025,3.28
330,9/6/2025,1.12
330,1/24/2026,1.98
331,12/17/2022,3.42
331,3/18/2023,2.34
331,9/9/2023,3.12
331,12/16/2023,3.99
331,8/31/2024,3.7
331,12/28/2024,2.59
331,8/30/2025,0.75
331,1/3/2026,1.99
332,12/3/2022,3.94
332,12/9/2023,7.91
332,8/24/2024,1.99
332,1/4/2025,3.03
332,1/3/2026,3.13
333,12/17/2022,3.93
333,12/9/2023,4.22
333,8/24/2024,4.51
333,12/28/2024,3.22
333,9/6/2025,1.22
333,12/27/2025,2.17
334,12/3/2022,4.27
334,9/2/2023,2.22
334,12/16/2023,5.88
334,8/24/2024,3.86
334,12/28/2024,3.71
334,9/6/2025,0.67
334,1/10/2026,3.07
335,12/24/2022,4.2
335,3/11/2023,1.85
335,9/2/2023,2.47
335,12/23/2023,3.84
335,8/31/2024,2.9
335,1/4/2025,2.82
335,9/6/2025,0.62
335,1/3/2026,1.69
336,12/24/2022,4.68
336,12/23/2023,5.75
336,8/24/2024,2.94
336,1/4/2025,2.55
336,8/30/2025,0.8
336,1/17/2026,2.35
338,12/10/2022,3.89
338,12/23/2023,4.6
338,8/31/2024,2.69
338,1/11/2025,2.75
338,9/6/2025,1.04
338,1/3/2026,1.76
339,12/17/2022,3.71
339,2/18/2023,3.29
339,9/2/2023,2.48
339,12/23/2023,4.74
339,8/24/2024,3.43
339,12/28/2024,2.38
339,9/6/2025,1.4
339,1/10/2026,1.68
341,12/17/2022,3.36
341,12/16/2023,4.1
341,8/24/2024,2.41
341,2/1/2025,1.44
341,1/3/2026,1.59
342,12/24/2022,3.37
342,3/11/2023,2.13
342,9/23/2023,2.52
342,12/23/2023,4.82
342,9/7/2024,3.8
342,1/4/2025,3.66
342,9/13/2025,0.74
342,1/17/2026,1.99
343,12/24/2022,4.72
343,12/23/2023,3.87
343,8/24/2024,2.91
343,12/28/2024,2.76
343,9/6/2025,0.72
343,1/31/2026,1.72
344,10/29/2022,3.45
344,12/23/2023,4.84
344,8/24/2024,2.64
344,12/28/2024,2.22
344,9/6/2025,0.79
344,1/3/2026,1.6
348,12/17/2022,2.42
348,2/25/2023,1.64
348,9/16/2023,1.39
348,12/23/2023,3.26
348,8/31/2024,1.4
348,1/11/2025,1.55
348,8/30/2025,0.67
348,1/10/2026,1.23
349,12/17/2022,3.94
349,2/18/2023,2.43
349,9/9/2023,1.96
349,12/23/2023,4.76
349,8/31/2024,2.76
349,1/4/2025,2.01
349,1/3/2026,2.34
35,1/21/2023,2.57
35,12/23/2023,4.67
35,9/14/2024,2.59
35,1/18/2025,2.04
35,1/24/2026,1.28
350,3/11/2023,3.23
350,12/16/2023,5.87
350,8/31/2024,4.55
350,1/4/2025,3.25
350,8/23/2025,0.94
350,1/17/2026,3.32
351,12/10/2022,4.63
351,9/16/2023,2.72
351,12/23/2023,7.5
351,9/7/2024,2.95
351,12/28/2024,1.88
351,8/30/2025,0.97
351,1/3/2026,2.7
353,12/10/2022,4.38
353,2/18/2023,1.89
353,9/9/2023,1.84
353,12/23/2023,4.72
353,8/31/2024,2.21
353,12/28/2024,2.84
353,9/6/2025,0.7
353,1/24/2026,1.8
355,10/29/2022,3.65
355,12/24/2022,4.36
355,12/23/2023,4.63
355,8/31/2024,3.08
355,1/11/2025,2.74
355,9/13/2025,1.16
355,1/24/2026,1.55
357,4/8/2023,1.76
357,12/23/2023,6.29
357,8/31/2024,3.15
357,1/4/2025,2.27
357,9/20/2025,1.4
357,1/17/2026,2.27
358,12/31/2022,3.85
358,9/9/2023,4.26
358,12/9/2023,4.29
358,8/31/2024,5.46
358,1/4/2025,2.81
358,8/30/2025,1.41
358,1/10/2026,1.82
359,2/25/2023,1.38
359,12/23/2023,1.94
359,8/31/2024,1.29
36,12/31/2022,4.22
36,9/16/2023,1.95
36,1/6/2024,3.95
36,8/3/2024,1.74
36,3/15/2025,1.15
36,9/13/2025,1.14
36,1/10/2026,0.65
361,12/10/2022,4.28
361,3/18/2023,2.4
361,9/2/2023,3.04
361,12/23/2023,4.63
361,8/31/2024,3.31
361,1/4/2025,3.69
361,8/30/2025,0.76
361,1/10/2026,2.71
362,12/17/2022,6.29
362,2/18/2023,2.12
362,12/23/2023,5.32
362,8/24/2024,2.54
362,12/28/2024,2.86
362,8/23/2025,0.94
362,12/27/2025,2.18
363,12/10/2022,3.91
363,3/25/2023,2.51
363,12/16/2023,5.84
363,8/24/2024,3.28
363,1/4/2025,2.63
363,9/13/2025,1.21
363,1/10/2026,3.5
364,12/17/2022,2.67
364,3/11/2023,1.29
364,8/26/2023,1.49
364,12/9/2023,4.62
364,8/17/2024,2.05
364,12/28/2024,2.51
364,12/27/2025,2.21
365,12/3/2022,2.85
365,9/2/2023,2.16
365,12/23/2023,4.02
365,8/10/2024,2.36
365,12/28/2024,1.85
367,12/31/2022,4.17
367,12/16/2023,5.94
367,9/7/2024,3.73
367,1/11/2025,2.34
367,8/30/2025,1.11
367,1/24/2026,1.81
37,1/21/2023,1.51
37,9/16/2023,2.5
37,12/9/2023,2.76
37,8/24/2024,1.79
37,1/11/2025,1.43
37,4/19/2025,0.94
37,1/3/2026,1.27
370,2/11/2023,3.82
370,12/23/2023,4.67
370,8/31/2024,1.97
370,1/4/2025,2.39
370,1/10/2026,0.9
373,12/17/2022,5.49
373,9/2/2023,2.12
373,12/23/2023,5.04
373,8/31/2024,3.05
373,1/11/2025,2.19
373,8/30/2025,1.27
373,1/10/2026,2.29
374,12/10/2022,2.94
374,3/4/2023,2.23
374,12/23/2023,5
374,8/24/2024,2.76
374,1/11/2025,3.12
374,9/6/2025,0.66
374,1/17/2026,2.64
375,12/10/2022,4.5
375,3/4/2023,2.28
375,9/30/2023,2.03
375,12/23/2023,6.34
375,9/7/2024,2.7
375,1/11/2025,3.06
375,9/6/2025,0.6
375,1/10/2026,2.03
378,12/3/2022,4.76
378,12/30/2023,4.4
378,8/31/2024,2.21
378,2/1/2025,3.12
378,9/6/2025,0.82
378,1/10/2026,2.27
379,11/25/2023,3.5
379,9/21/2024,2.53
379,1/18/2025,2.1
379,1/3/2026,2.16
38,2/11/2023,3.51
38,12/30/2023,4.7
38,9/14/2024,2.72
38,1/11/2025,2.89
38,1/10/2026,1.96
381,3/4/2023,2.3
381,9/16/2023,2.18
381,12/30/2023,5.87
381,8/31/2024,2.16
381,1/4/2025,2.13
381,9/13/2025,0.77
381,1/17/2026,1.91
382,12/24/2022,4.26
382,9/16/2023,1.67
382,12/30/2023,4.58
382,8/24/2024,2.21
382,1/4/2025,2.33
382,9/13/2025,0.86
382,1/17/2026,1.76
383,11/5/2022,3.54
383,1/7/2023,3.08
383,9/23/2023,3.1
383,12/23/2023,7.29
383,8/31/2024,2.2
383,1/11/2025,2.89
383,8/30/2025,2.08
383,1/17/2026,1.33
384,12/10/2022,4.3
384,9/23/2023,2.97
384,12/23/2023,4.75
384,8/31/2024,4.83
384,1/4/2025,3.44
384,8/30/2025,1.37
384,1/24/2026,2.76
385,12/16/2023,3
385,8/17/2024,1.85
385,1/4/2025,0.87
385,1/3/2026,1.11
387,12/24/2022,3.5
387,9/16/2023,2.3
387,12/9/2023,4.1
387,8/31/2024,3.6
387,1/4/2025,2.28
387,9/13/2025,1.06
387,1/17/2026,2.03
389,12/17/2022,4.97
389,3/4/2023,2.18
389,9/9/2023,1.75
389,12/9/2023,6.37
389,8/24/2024,4
389,12/28/2024,3.79
389,8/30/2025,0.87
389,1/3/2026,2.83
39,1/7/2023,4.41
39,11/25/2023,4.72
39,8/24/2024,3.58
39,12/28/2024,2.71
39,9/6/2025,1.03
39,1/10/2026,1.31
390,12/17/2022,3.54
390,2/18/2023,1.77
390,9/2/2023,2.56
390,12/16/2023,3.91
390,8/17/2024,3.58
390,12/28/2024,2.19
390,8/30/2025,1.19
390,1/10/2026,1.65
391,10/22/2022,4.13
391,12/30/2023,3.17
391,9/7/2024,2.27
391,1/25/2025,1.65
391,9/13/2025,0.7
391,1/24/2026,1.44
392,12/24/2022,3.97
392,3/11/2023,2.25
392,9/16/2023,2.86
392,12/23/2023,5.37
392,8/31/2024,2.4
392,1/11/2025,2.8
392,1/10/2026,1.93
394,12/17/2022,4.62
394,12/23/2023,4.87
394,8/17/2024,2.39
394,2/1/2025,1.57
394,8/23/2025,0.87
394,1/3/2026,1.22
395,12/24/2022,6.51
395,3/18/2023,5.65
395,9/30/2023,5.49
395,12/9/2023,5.63
395,8/24/2024,3.31
395,1/25/2025,2.87
395,8/23/2025,1.28
395,1/17/2026,2.54
396,12/3/2022,5.03
396,12/23/2023,4.95
396,8/10/2024,3.05
396,1/4/2025,2.7
396,9/13/2025,1.29
396,1/17/2026,1.71
399,12/24/2022,5.23
399,12/23/2023,6.44
399,8/24/2024,2.61
399,9/6/2025,1.38
399,1/10/2026,2.29
4,12/31/2022,5.63
4,9/16/2023,2.89
4,12/30/2023,5.05
4,9/7/2024,2.79
4,1/11/2025,2.03
4,9/13/2025,1.62
4,1/3/2026,1.62
40,12/31/2022,3.71
40,9/2/2023,4.07
40,12/23/2023,4.62
40,8/24/2024,2.99
40,1/4/2025,2.41
40,9/13/2025,0.98
40,1/3/2026,1.75
400,3/18/2023,3.05
400,9/16/2023,3
400,12/16/2023,4.77
400,9/7/2024,2.98
400,1/11/2025,1.67
400,9/20/2025,0.76
400,1/10/2026,2.24
401,12/10/2022,5.62
401,2/18/2023,2.94
401,9/9/2023,2.19
401,12/23/2023,5.72
401,8/17/2024,3.28
401,12/28/2024,2.59
401,8/30/2025,1.62
401,1/10/2026,1.74
402,12/17/2022,4.79
402,9/9/2023,2.94
402,12/23/2023,5.02
402,8/10/2024,4.12
402,12/28/2024,2.75
402,9/6/2025,1.12
402,1/24/2026,1.93
403,1/7/2023,4.13
403,8/19/2023,4.47
403,1/20/2024,3.79
403,8/3/2024,4.72
403,3/8/2025,1.06
403,8/30/2025,3.93
405,12/24/2022,5
405,9/9/2023,4.81
405,11/25/2023,4.57
405,8/17/2024,4.66
405,1/4/2025,3.52
405,8/30/2025,1.59
405,2/7/2026,1.64
406,12/31/2022,3.72
406,9/16/2023,1.96
406,12/30/2023,2.32
406,8/31/2024,2.41
406,2/15/2025,2.02
406,9/6/2025,0.78
406,12/27/2025,1.24
408,12/31/2022,3.06
408,8/26/2023,3.2
408,2/3/2024,2.72
408,8/3/2024,4.04
408,8/23/2025,3.38
409,1/7/2023,4.94
409,8/26/2023,2.62
409,2/10/2024,2.71
409,8/10/2024,3.6
409,1/11/2025,1.01
409,8/16/2025,2.22
41,12/31/2022,4.63
41,9/23/2023,2.61
41,12/30/2023,4.86
41,8/17/2024,2.46
41,1/11/2025,1.59
41,9/13/2025,1.37
41,1/10/2026,0.72
410,12/31/2022,3.38
410,9/2/2023,4.37
410,1/27/2024,2.75
410,8/3/2024,4.27
410,2/22/2025,0.92
410,8/30/2025,3.6
411,1/7/2023,3.53
411,8/26/2023,3.11
411,1/6/2024,2.47
411,8/17/2024,3.41
411,2/22/2025,0.99
411,8/23/2025,1.44
413,12/31/2022,2.72
413,8/26/2023,3.85
413,2/10/2024,2.36
413,8/3/2024,3.92
413,8/30/2025,3.65
414,1/7/2023,2.06
414,12/30/2023,3.5
414,8/31/2024,2.07
414,12/21/2024,1.61
414,9/6/2025,1.05
414,2/14/2026,1.18
415,12/3/2022,2.54
415,4/22/2023,1.29
415,11/18/2023,3.62
415,8/10/2024,3.19
415,1/4/2025,2.02
415,8/16/2025,1.05
415,12/20/2025,1.8
416,12/31/2022,3.9
416,9/2/2023,3.39
416,2/17/2024,2.7
416,4/20/2024,0.87
416,8/17/2024,3.94
416,2/22/2025,1.55
416,8/30/2025,1.85
416,3/7/2026,0.68
417,12/24/2022,3.15
417,9/2/2023,1.44
417,12/23/2023,2.94
417,8/24/2024,2.18
417,1/4/2025,1.51
417,9/6/2025,0.66
417,2/7/2026,1.2
418,12/24/2022,2.59
418,8/26/2023,1.69
418,12/30/2023,1.65
418,2/24/2024,1.73
418,8/10/2024,2.72
418,3/8/2025,1.44
418,8/30/2025,1.53
418,2/7/2026,1.16
419,1/7/2023,2.72
419,8/26/2023,2.8
419,2/3/2024,2.06
419,8/10/2024,2.91
419,3/15/2025,0.79
419,8/23/2025,1.94
420,1/7/2023,4.41
420,9/9/2023,3.71
420,12/23/2023,3.33
420,8/31/2024,3.28
420,2/8/2025,1.83
420,9/6/2025,1.2
420,1/24/2026,1.74
422,12/24/2022,3.01
422,9/30/2023,1.49
422,2/24/2024,2.28
422,8/17/2024,2.93
422,2/1/2025,1.28
422,9/20/2025,1.72
422,1/3/2026,1.29
423,12/31/2022,3.44
423,8/26/2023,4.53
423,2/3/2024,3
423,8/17/2024,4.2
423,3/15/2025,0.93
423,8/30/2025,2.75
424,12/31/2022,3.16
424,8/26/2023,4.5
424,2/17/2024,3.28
424,8/10/2024,5.84
424,3/15/2025,1.49
424,8/30/2025,3.25
425,12/31/2022,3.35
425,9/2/2023,2.94
425,2/3/2024,2.14
425,7/27/2024,3.31
425,8/30/2025,2.62
426,12/31/2022,4.14
426,9/16/2023,2.85
426,12/30/2023,3.52
426,8/17/2024,4.05
426,1/18/2025,1.71
426,8/30/2025,1.93
426,2/21/2026,0.82
427,12/31/2022,5.18
427,4/15/2023,1.81
427,9/2/2023,4.89
427,2/3/2024,5.12
427,7/27/2024,6.17
427,8/30/2025,4.95
428,12/31/2022,5.56
428,9/9/2023,2.89
428,1/6/2024,2.44
428,8/24/2024,2.97
428,2/1/2025,1.32
428,8/30/2025,1.77
429,1/7/2023,2.21
429,12/16/2023,3.02
429,8/17/2024,1.74
429,12/28/2024,1.16
429,1/10/2026,0.89
430,12/24/2022,3.89
430,8/19/2023,1.96
430,12/16/2023,3.6
430,8/17/2024,2.41
430,1/11/2025,1.32
430,2/14/2026,1.33
433,12/31/2022,4.53
433,4/15/2023,1.8
433,9/2/2023,5.54
433,2/3/2024,2.8
433,8/10/2024,6.84
433,2/15/2025,0.75
433,8/30/2025,3.85
434,12/31/2022,4.21
434,9/2/2023,4.06
434,12/30/2023,3.28
434,8/10/2024,4.06
434,2/8/2025,1.33
434,8/30/2025,2.95
435,1/14/2023,4.41
435,8/19/2023,6.13
435,1/13/2024,2.23
435,8/10/2024,7.26
435,2/22/2025,0.83
435,8/23/2025,1.7
437,12/31/2022,5.43
437,8/26/2023,5.43
437,2/3/2024,3.43
437,8/10/2024,4.48
437,8/30/2025,4
439,12/31/2022,3.82
439,9/9/2023,4.6
439,2/24/2024,1.68
439,8/17/2024,3.81
439,3/8/2025,1.13
439,9/6/2025,1.78
439,12/27/2025,0.79
441,12/31/2022,3.6
441,9/2/2023,3.59
441,12/30/2023,3.28
441,8/17/2024,4.38
441,3/15/2025,1.32
441,8/30/2025,2.54
443,1/7/2023,3.5
443,8/26/2023,3
443,1/6/2024,2.49
443,8/17/2024,4.67
443,2/8/2025,1.81
443,8/30/2025,1.91
443,2/14/2026,0.79
444,12/31/2022,3.89
444,9/2/2023,1.77
444,1/20/2024,1.43
444,8/17/2024,2.19
444,1/11/2025,1.01
444,8/30/2025,1
444,12/20/2025,1.07
447,12/31/2022,7.77
447,9/2/2023,5.63
447,2/3/2024,5.84
447,8/3/2024,5.6
447,2/15/2025,1.6
447,8/23/2025,3.63
449,1/7/2023,3.15
449,8/26/2023,3.84
449,1/27/2024,2.4
449,8/3/2024,4.19
449,3/15/2025,0.92
449,8/30/2025,2.81
45,12/31/2022,4.83
45,3/4/2023,2.27
45,9/9/2023,3.93
45,12/9/2023,2.66
45,8/31/2024,2.73
45,12/28/2024,2.47
45,9/6/2025,1.26
45,12/20/2025,1.4
45,3/14/2026,1.19
450,12/31/2022,3.36
450,9/2/2023,3.11
450,1/13/2024,1.76
450,8/17/2024,2.58
450,3/15/2025,0.92
450,8/30/2025,1.81
451,12/10/2022,2.48
451,9/9/2023,1.82
451,12/23/2023,4.05
451,9/7/2024,1.65
451,12/21/2024,1.78
451,2/14/2026,1.81
452,12/31/2022,3.97
452,9/2/2023,2.37
452,2/3/2024,1.86
452,8/3/2024,2.44
452,3/8/2025,0.87
452,8/30/2025,1.91
453,12/31/2022,3.42
453,9/2/2023,2.87
453,12/30/2023,2.56
453,8/3/2024,3.26
453,2/8/2025,1.03
453,8/30/2025,2.5
454,12/31/2022,4.1
454,8/26/2023,3.8
454,12/30/2023,2.98
454,8/3/2024,4.05
454,2/1/2025,1.1
454,8/30/2025,3.62
455,12/31/2022,4.37
455,8/26/2023,4.87
455,11/11/2023,1.96
455,2/3/2024,3.35
455,8/10/2024,7.12
455,1/11/2025,1.04
455,8/23/2025,2.52
455,2/21/2026,0.57
456,12/31/2022,4.16
456,8/19/2023,3.42
456,2/3/2024,3.69
456,8/10/2024,5.05
456,3/15/2025,1.03
456,8/16/2025,2.64
456,2/7/2026,0.83
458,1/7/2023,5.07
458,9/2/2023,4.25
458,12/2/2023,5.65
458,8/24/2024,7.99
458,2/15/2025,3.03
458,4/26/2025,2.22
458,9/20/2025,1.88
458,3/7/2026,3.31
459,12/31/2022,5.36
459,8/26/2023,3.75
459,12/30/2023,4.1
459,2/24/2024,3.48
459,8/10/2024,4.17
459,2/1/2025,1.3
459,8/30/2025,2.17
459,12/27/2025,1.55
46,12/31/2022,4.99
46,12/30/2023,3.88
46,9/7/2024,3.6
46,12/28/2024,2.09
46,9/6/2025,0.88
46,1/24/2026,1.54
460,12/31/2022,3.84
460,11/11/2023,2.95
460,8/10/2024,2.04
460,1/4/2025,2.74
460,1/31/2026,1.36
462,12/24/2022,3.02
462,9/2/2023,3.03
462,2/3/2024,1.97
462,8/3/2024,2.89
462,2/1/2025,1.23
462,8/30/2025,2.08
463,1/14/2023,2.6
463,9/2/2023,3.67
463,2/17/2024,3.04
463,8/10/2024,4.65
463,3/8/2025,1.33
463,8/30/2025,2.71
464,12/31/2022,2.98
464,9/2/2023,3.24
464,2/3/2024,2.69
464,8/10/2024,4.67
464,3/8/2025,0.77
464,8/30/2025,2.73
465,12/31/2022,4.45
465,8/26/2023,4.47
465,2/10/2024,2.64
465,8/17/2024,6.58
465,3/22/2025,1.32
465,8/30/2025,3.09
467,12/31/2022,5.02
467,8/26/2023,6.34
467,2/10/2024,4.82
467,8/10/2024,5.96
467,3/22/2025,1.63
467,8/23/2025,6.21
467,3/28/2026,0.72
470,1/7/2023,2.71
470,9/2/2023,2.5
470,2/3/2024,2.99
470,8/10/2024,3.47
470,1/18/2025,1.31
470,8/23/2025,2.74
471,1/7/2023,4.56
471,8/5/2023,3.42
471,1/27/2024,3.52
471,8/10/2024,4.8
471,3/22/2025,1.14
471,8/23/2025,3.12
471,2/21/2026,1.17
474,12/24/2022,7.18
474,9/9/2023,3.95
474,12/16/2023,4.46
474,2/10/2024,3.8
474,8/24/2024,4.82
474,3/8/2025,2.97
474,8/30/2025,1.86
474,2/21/2026,2.24
475,12/31/2022,2.93
475,12/16/2023,3.07
475,8/17/2024,3.93
475,1/11/2025,1.62
475,1/10/2026,2.97
477,1/21/2023,0.73
477,8/26/2023,6.01
477,2/10/2024,4.79
477,8/10/2024,5.11
477,3/1/2025,1.43
477,8/23/2025,2.78
478,12/24/2022,4.45
478,9/9/2023,3.23
478,12/23/2023,4.11
478,8/17/2024,5.5
478,2/15/2025,2.77
478,9/6/2025,1.14
478,1/10/2026,2.98
479,1/21/2023,3.08
479,9/2/2023,5.7
479,1/13/2024,3.89
479,8/17/2024,5.59
479,2/8/2025,1.3
479,8/30/2025,2.02
479,1/31/2026,0.53
48,12/31/2022,5.08
48,9/9/2023,2.61
48,12/30/2023,3.71
48,8/17/2024,2.85
48,1/4/2025,1.35
48,8/30/2025,1.49
48,1/24/2026,0.91
481,12/17/2022,5.89
481,9/2/2023,4.35
481,12/2/2023,4.15
481,8/31/2024,4.71
481,2/8/2025,1.91
481,8/30/2025,1.53
481,12/27/2025,1.61
482,12/31/2022,7.37
482,8/26/2023,7
482,12/9/2023,3.8
482,3/2/2024,4.92
482,8/17/2024,4.21
482,1/4/2025,1.69
482,3/8/2025,2.11
482,8/23/2025,2.94
482,12/6/2025,1.83
484,1/7/2023,4.58
484,8/26/2023,5.07
484,1/6/2024,3.37
484,8/10/2024,4.48
484,2/8/2025,1.73
484,8/16/2025,1.77
484,11/1/2025,1.74
485,1/14/2023,2.92
485,9/2/2023,4.45
485,12/23/2023,4.31
485,8/17/2024,3.78
485,2/8/2025,1.56
485,8/23/2025,2.39
485,1/17/2026,0.71
487,12/31/2022,4.83
487,9/2/2023,2.95
487,2/10/2024,2.19
487,8/24/2024,2.7
487,2/1/2025,1.03
487,8/30/2025,1.53
487,1/3/2026,1.04
488,12/31/2022,5.99
488,4/22/2023,1.32
488,9/2/2023,4.22
488,2/17/2024,4.21
488,8/24/2024,3.47
488,2/15/2025,2.74
488,8/16/2025,2.29
488,2/14/2026,2.89
489,12/31/2022,2.74
489,9/2/2023,3.75
489,1/6/2024,2.73
489,8/17/2024,4.54
489,3/1/2025,1.17
489,8/30/2025,2.35
49,2/4/2023,3.73
49,9/30/2023,1.98
49,12/30/2023,3.2
49,9/7/2024,3.49
49,1/4/2025,1.55
49,9/20/2025,0.91
490,1/14/2023,6.23
490,8/26/2023,5.26
490,12/7/2024,1.5
490,8/16/2025,3.39
490,1/31/2026,0.75
491,12/10/2022,4.03
491,9/2/2023,9.96
491,12/23/2023,4.23
491,8/10/2024,6.05
491,12/21/2024,3.66
491,8/30/2025,1.2
491,12/27/2025,1.89
491,2/28/2026,1.98
492,12/31/2022,5.57
492,9/2/2023,2.43
492,1/13/2024,2.84
492,8/17/2024,5.1
492,1/18/2025,2.16
492,9/6/2025,1.57
492,12/20/2025,1.41
495,12/31/2022,4.66
495,9/2/2023,3.15
495,1/6/2024,3.51
495,8/10/2024,3.4
495,2/22/2025,1.5
495,8/30/2025,2.04
498,12/24/2022,4.82
498,8/26/2023,4.46
498,12/30/2023,5.28
498,8/10/2024,2.45
498,2/15/2025,1.93
498,8/23/2025,1.52
498,12/20/2025,1.29
5,1/7/2023,3.92
5,9/9/2023,2
5,12/30/2023,3.19
5,8/24/2024,2.61
5,1/4/2025,1.09
5,9/6/2025,1.05
5,1/10/2026,0.59
50,12/31/2022,3.28
50,12/9/2023,4.07
50,9/7/2024,5.72
50,12/28/2024,1.4
50,9/6/2025,1.37
50,1/17/2026,2.83
500,12/31/2022,5.29
500,9/2/2023,3.91
500,1/13/2024,3.57
500,8/10/2024,4.47
500,3/22/2025,1.06
500,8/30/2025,2.98
500,1/3/2026,0.64
501,1/14/2023,3.95
501,9/9/2023,3.4
501,1/13/2024,2.74
501,8/3/2024,4.86
501,1/11/2025,0.54
501,3/8/2025,0.54
501,8/30/2025,2.31
502,12/31/2022,8.63
502,8/26/2023,4.67
502,1/27/2024,6.79
502,8/17/2024,6.15
502,2/8/2025,3.8
502,11/1/2025,2.85
503,12/31/2022,4.07
503,9/9/2023,4.68
503,12/16/2023,3.3
503,8/17/2024,4.36
503,2/8/2025,2.03
503,9/6/2025,2.11
503,1/31/2026,0.76
504,12/31/2022,9.13
504,9/30/2023,4.67
504,12/30/2023,5.76
504,8/3/2024,8.74
504,12/28/2024,1.06
504,3/22/2025,1.74
504,8/23/2025,6.85
504,12/13/2025,0.79
505,12/31/2022,3.48
505,8/26/2023,5.52
505,1/27/2024,3.55
505,8/10/2024,4.96
505,3/1/2025,0.93
505,8/30/2025,4.51
506,12/31/2022,3.28
506,9/2/2023,2.11
506,1/20/2024,2.27
506,8/3/2024,3.28
506,2/1/2025,1.1
506,8/30/2025,2.36
507,12/31/2022,4.58
507,9/2/2023,5.48
507,1/13/2024,4.37
507,8/24/2024,5.96
507,3/1/2025,2.35
507,8/30/2025,2.93
507,1/31/2026,0.79
508,12/3/2022,6.41
508,8/26/2023,4.89
508,12/16/2023,4.31
508,8/17/2024,3.46
508,1/25/2025,1.75
508,12/20/2025,2.51
509,1/7/2023,3.65
509,9/2/2023,5.85
509,1/6/2024,2.22
509,8/10/2024,5.87
509,3/29/2025,1.37
509,8/30/2025,2.15
51,1/7/2023,3.75
51,9/2/2023,3.49
51,11/11/2023,3.32
51,8/31/2024,5.5
51,1/11/2025,1.75
51,8/23/2025,1.17
51,12/27/2025,1.27
510,12/31/2022,3.87
510,9/2/2023,4.13
510,1/20/2024,2.42
510,8/3/2024,4.12
510,8/30/2025,4.32
511,1/7/2023,2.94
511,9/2/2023,3.94
511,1/6/2024,2.74
511,8/10/2024,2.66
511,2/8/2025,0.66
511,8/23/2025,2.41
512,12/31/2022,4.26
512,12/9/2023,3.92
512,8/31/2024,3.18
512,8/23/2025,0.79
513,1/7/2023,4.5
513,8/26/2023,6.95
513,2/3/2024,3.17
513,8/17/2024,5.65
513,8/23/2025,6.1
516,1/7/2023,3.03
516,8/26/2023,4.94
516,2/3/2024,2.73
516,8/10/2024,7.1
516,3/29/2025,1.01
516,8/30/2025,4.09
517,12/31/2022,6.24
517,9/2/2023,3.95
517,2/3/2024,3.63
517,8/10/2024,3.87
517,2/15/2025,0.99
517,8/30/2025,3.68
518,12/24/2022,4.51
518,9/9/2023,5.27
518,12/30/2023,2.55
518,8/31/2024,4.96
518,12/7/2024,1.46
518,8/30/2025,2.07
520,12/31/2022,4.35
520,4/15/2023,1.78
520,8/26/2023,3.87
520,2/3/2024,3.93
520,8/3/2024,5.29
520,8/23/2025,4.11
523,1/21/2023,7.84
523,8/26/2023,8.89
523,2/10/2024,2.32
523,8/3/2024,6.48
523,4/5/2025,2.27
523,8/23/2025,2.77
523,2/21/2026,1.73
525,12/17/2022,5.22
525,9/2/2023,6.35
525,2/10/2024,4.4
525,8/10/2024,5.41
525,2/8/2025,2.86
525,8/23/2025,2.14
526,12/31/2022,6.76
526,8/19/2023,1.76
526,1/13/2024,3.31
526,8/24/2024,1.89
526,1/18/2025,1.7
528,2/24/2024,4.29
528,8/3/2024,8.92
528,3/15/2025,2.55
528,9/13/2025,1.84
528,1/31/2026,1.46
53,1/7/2023,3.11
53,9/9/2023,2.84
53,12/23/2023,4.33
53,8/17/2024,4.78
53,12/21/2024,2.61
53,8/30/2025,1.71
53,1/10/2026,1.21
530,1/21/2023,2.66
530,8/26/2023,3.87
530,1/6/2024,3.05
530,8/17/2024,3.45
530,2/8/2025,2.64
530,8/9/2025,2.26
531,12/17/2022,4.41
531,9/2/2023,4.18
531,11/18/2023,2.67
531,8/3/2024,4.42
531,5/17/2025,2.18
531,8/30/2025,6.21
532,12/31/2022,3.66
532,8/26/2023,3.55
532,2/3/2024,3.44
532,8/3/2024,3.91
532,8/23/2025,2.59
533,2/4/2023,4.92
533,4/1/2023,2.6
533,8/19/2023,4.08
533,12/16/2023,3.68
533,2/17/2024,5.15
533,8/10/2024,8.05
533,2/22/2025,5.18
533,8/30/2025,2.67
533,11/15/2025,1.77
536,12/31/2022,8.72
536,9/2/2023,11.7
536,1/27/2024,6.43
536,8/10/2024,11.65
536,7/26/2025,3.03
536,1/31/2026,0.83
538,12/31/2022,4.68
538,4/15/2023,1.79
538,8/26/2023,6.44
538,2/3/2024,5.04
538,7/27/2024,7.81
538,8/30/2025,7.48
54,12/31/2022,2.67
54,9/30/2023,2.06
54,12/30/2023,3.62
54,9/14/2024,2.17
54,1/11/2025,1.69
54,9/20/2025,0.94
54,1/3/2026,1.38
540,12/10/2022,2.05
540,2/11/2023,2.33
540,12/23/2023,4.09
540,8/17/2024,1.94
540,12/28/2024,1.84
540,9/13/2025,0.75
540,1/3/2026,1
542,12/10/2022,3.01
542,3/11/2023,1.76
542,12/23/2023,2.82
542,8/24/2024,1.62
542,1/11/2025,0.87
542,8/23/2025,0.61
542,1/31/2026,0.59
545,12/10/2022,3.61
545,3/18/2023,3.93
545,9/16/2023,3.53
545,12/23/2023,3.85
545,8/31/2024,1.97
545,1/18/2025,1.24
545,9/13/2025,0.69
545,1/17/2026,0.93
546,12/31/2022,2.43
546,9/9/2023,2.01
546,12/23/2023,4.95
546,8/24/2024,2.6
546,1/11/2025,1.1
546,9/6/2025,1.36
546,1/17/2026,1.14
547,1/28/2023,3.02
547,12/23/2023,4.38
547,9/7/2024,2.65
547,1/4/2025,2.59
547,9/6/2025,1.05
547,1/10/2026,1.72
55,10/22/2022,3.96
55,12/31/2022,5.58
55,6/3/2023,1.21
55,9/2/2023,2.34
55,12/23/2023,6.59
55,3/2/2024,2.61
55,8/31/2024,7.77
55,12/28/2024,3.29
55,2/22/2025,2.08
55,8/30/2025,1.83
55,12/20/2025,1.7
551,12/17/2022,3.31
551,2/18/2023,5.87
551,9/9/2023,3.98
551,12/30/2023,3.19
551,8/17/2024,3.69
551,1/4/2025,1.81
551,8/23/2025,5.07
551,1/10/2026,0.91
552,12/9/2023,4.49
552,9/28/2024,2.77
552,1/18/2025,3.25
552,12/27/2025,2.11
554,12/10/2022,4.06
554,3/4/2023,2.05
554,9/2/2023,1.87
554,12/23/2023,4.51
554,8/24/2024,2.45
554,12/28/2024,2.23
554,9/6/2025,1.08
554,1/3/2026,1.36
555,11/26/2022,5.98
555,3/11/2023,2.8
555,12/9/2023,3.19
555,11/9/2024,1.57
555,12/27/2025,0.86
556,12/17/2022,2.36
556,3/4/2023,2.53
556,12/16/2023,9.14
556,8/31/2024,3.59
556,1/4/2025,1.95
556,9/6/2025,1.15
556,1/3/2026,3.83
557,12/17/2022,3.67
557,3/11/2023,3.63
557,9/23/2023,2.2
557,12/16/2023,6.46
557,8/31/2024,3.12
557,1/18/2025,2.33
557,9/13/2025,0.79
557,1/10/2026,2.57
559,12/16/2023,3.2
559,10/26/2024,1.36
559,1/17/2026,0.97
56,1/21/2023,1.58
56,9/23/2023,2.06
56,12/30/2023,3.91
56,9/21/2024,2.05
56,1/11/2025,0.96
56,9/13/2025,1.05
56,2/21/2026,0.81
560,12/17/2022,3.24
560,3/4/2023,3.3
560,9/9/2023,2.43
560,12/16/2023,5.76
560,8/31/2024,3.2
560,1/11/2025,2.6
560,9/20/2025,1.22
560,1/24/2026,2.51
561,12/10/2022,3.28
561,2/18/2023,1.87
561,9/9/2023,1.32
561,12/23/2023,3.92
561,8/24/2024,1.75
561,12/28/2024,1.25
561,8/30/2025,0.75
561,1/3/2026,1.6
563,11/5/2022,3.96
563,9/23/2023,2.99
563,12/30/2023,8.14
563,9/7/2024,4.57
563,1/25/2025,1.67
563,9/6/2025,2.01
563,1/3/2026,1.65
564,10/22/2022,5.2
564,3/11/2023,2.36
564,12/9/2023,3.95
564,8/17/2024,1.48
564,12/28/2024,1.55
564,1/10/2026,2
565,12/17/2022,4.08
565,12/23/2023,4.16
565,8/17/2024,2.22
565,12/21/2024,3.41
565,1/3/2026,2.3
567,12/31/2022,3.96
567,11/25/2023,2.99
567,9/7/2024,2.12
567,1/3/2026,1.01
569,12/17/2022,1.86
569,12/9/2023,1.33
569,8/24/2024,1.06
569,1/4/2025,0.87
569,1/17/2026,0.82
570,12/10/2022,3.84
570,2/25/2023,2.17
570,12/30/2023,4.2
570,8/24/2024,2.1
570,12/21/2024,1.55
570,8/30/2025,1.08
570,1/10/2026,1.71
573,12/17/2022,2.93
573,2/18/2023,3.17
573,12/23/2023,3.22
573,8/31/2024,2.65
573,1/11/2025,2.65
573,1/17/2026,0.93
575,12/10/2022,4.24
575,2/25/2023,3.21
575,9/9/2023,3.09
575,12/30/2023,2.85
575,8/10/2024,2.75
575,1/11/2025,2.59
575,8/30/2025,1.47
575,12/20/2025,0.8
575,2/21/2026,0.82
576,12/17/2022,2.5
576,9/9/2023,1.63
576,12/23/2023,2.51
576,8/24/2024,1.29
576,12/28/2024,1.57
576,1/3/2026,0.91
577,11/26/2022,4.35
577,3/11/2023,2.3
577,8/26/2023,1.26
577,12/16/2023,4.02
577,8/31/2024,2.01
577,1/4/2025,2.24
577,9/6/2025,0.58
577,1/17/2026,1.76
58,1/7/2023,3.35
58,9/30/2023,3.15
58,12/30/2023,4.22
58,9/7/2024,3.53
58,1/4/2025,1.14
58,9/6/2025,0.84
58,1/10/2026,1.26
580,11/19/2022,3.61
580,3/4/2023,1.94
580,11/25/2023,3.39
580,8/31/2024,1.9
583,11/26/2022,4.27
583,3/4/2023,2.17
583,9/16/2023,1.95
583,12/16/2023,5.24
583,8/24/2024,1.75
583,12/21/2024,2.72
583,1/10/2026,3.41
584,12/31/2022,4.34
584,12/9/2023,7.68
584,8/17/2024,2.05
584,12/14/2024,2.08
584,1/24/2026,2.85
585,12/17/2022,4.28
585,3/25/2023,2.73
585,12/30/2023,5.35
585,9/21/2024,2.88
585,1/11/2025,2.31
585,9/13/2025,1.09
585,1/10/2026,3.39
587,1/28/2023,4.57
587,8/19/2023,1.76
587,2/3/2024,3.18
587,8/17/2024,3.13
587,1/4/2025,2.16
587,8/23/2025,2.5
587,1/31/2026,1.91
588,12/10/2022,2.71
588,9/23/2023,2.27
588,12/23/2023,7.4
588,8/17/2024,3.14
588,12/28/2024,2.92
588,9/6/2025,1.29
588,1/10/2026,1.77
589,12/31/2022,4.75
589,12/30/2023,5.37
589,8/24/2024,2.69
589,1/18/2025,1.3
589,9/6/2025,1.3
589,1/17/2026,1.8
59,1/21/2023,2.74
59,9/23/2023,3.18
59,12/23/2023,4.38
59,9/21/2024,2.89
59,12/28/2024,1.41
59,9/20/2025,0.98
59,2/14/2026,1.01
592,3/4/2023,2.05
592,12/23/2023,7.22
592,8/10/2024,1.73
592,12/28/2024,2.88
592,9/6/2025,0.83
592,1/3/2026,2.03
593,11/26/2022,5.61
593,3/11/2023,2.59
593,12/2/2023,4.78
593,10/19/2024,1.41
593,9/13/2025,0.6
593,1/24/2026,1.52
596,12/10/2022,10.65
596,9/30/2023,4.74
596,12/30/2023,5.02
596,8/31/2024,2.38
596,1/25/2025,1.7
596,9/6/2025,1.09
596,1/10/2026,1.33
598,12/17/2022,3.32
598,3/4/2023,2.04
598,12/30/2023,3.75
598,9/7/2024,2.18
598,12/28/2024,3.64
598,1/3/2026,2.2
60,1/7/2023,5.03
60,9/16/2023,3.16
60,12/23/2023,4.03
60,9/7/2024,6.6
60,12/28/2024,1.9
60,9/13/2025,1.43
60,1/17/2026,1.83
601,12/10/2022,4.64
601,9/9/2023,2.8
601,12/23/2023,4.94
601,8/17/2024,3.07
601,1/4/2025,1.69
601,9/6/2025,1.04
601,1/10/2026,2.11
602,12/23/2023,5.08
602,8/31/2024,2.17
602,1/4/2025,3.44
602,1/24/2026,1.93
603,12/23/2023,5.21
603,8/31/2024,2.66
603,1/11/2025,2.26
603,9/13/2025,1.08
603,1/10/2026,1.85
606,12/10/2022,2.2
606,3/4/2023,2.48
606,9/16/2023,2.43
606,12/23/2023,5.17
606,8/24/2024,2.85
606,1/11/2025,1.87
606,9/6/2025,1.27
606,1/17/2026,1.99
608,9/30/2023,3.44
608,12/23/2023,5.76
608,8/31/2024,2.07
608,12/28/2024,4.4
608,9/13/2025,1.3
608,1/3/2026,2.65
609,12/16/2023,4.97
609,8/31/2024,1.8
609,1/4/2025,2.89
609,1/3/2026,1.55
61,12/31/2022,4.77
61,9/9/2023,2.48
61,1/6/2024,2.79
61,8/10/2024,2.4
61,2/8/2025,0.88
61,8/30/2025,1.42
61,3/7/2026,0.53
611,11/25/2023,2.67
611,8/24/2024,1.05
611,1/10/2026,1.48
612,2/4/2023,3.06
612,12/16/2023,5.73
612,8/31/2024,2.18
612,1/4/2025,2.1
612,9/6/2025,0.73
612,1/17/2026,1.69
616,12/3/2022,2.44
616,12/2/2023,4.8
616,12/28/2024,1.71
616,12/20/2025,1.55
617,2/11/2023,2.53
617,9/16/2023,4.4
617,12/23/2023,6.77
617,9/7/2024,4.24
617,1/18/2025,2.96
617,9/20/2025,1.22
617,1/17/2026,4.16
618,12/3/2022,3.46
618,12/2/2023,3.12
618,9/7/2024,1.37
618,9/6/2025,1.04
62,11/5/2022,2.84
62,12/31/2022,4.27
62,9/2/2023,3.83
62,12/16/2023,5.32
62,2/17/2024,3.31
62,8/31/2024,6.72
62,12/28/2024,3.06
62,9/6/2025,1.58
62,12/27/2025,1.96
62,2/28/2026,1.59
621,12/24/2022,2.64
621,9/9/2023,2.27
621,12/23/2023,2.92
621,8/24/2024,2.61
621,1/4/2025,1.39
621,9/6/2025,1.09
621,1/3/2026,0.93
622,12/10/2022,7.8
622,3/25/2023,2.06
622,11/18/2023,4.77
622,9/7/2024,2.93
622,12/21/2024,4.66
622,12/13/2025,2.01
624,12/24/2022,3.54
624,9/9/2023,2.32
624,12/23/2023,3.02
624,8/17/2024,2.51
624,12/28/2024,1.61
624,9/6/2025,1.06
624,1/3/2026,1.28
625,2/25/2023,3.38
625,12/16/2023,9.09
625,8/24/2024,3.89
625,1/11/2025,2.44
625,9/20/2025,1.07
625,1/10/2026,2.48
626,2/4/2023,3.34
626,12/9/2023,9.07
626,8/17/2024,5.2
626,2/1/2025,3.43
626,9/6/2025,1.1
626,1/3/2026,2.36
628,12/17/2022,2.94
628,12/23/2023,4.17
628,8/24/2024,3.49
628,12/7/2024,2.28
628,1/17/2026,1.67
63,1/7/2023,5.27
63,9/2/2023,3.01
63,12/30/2023,5.49
63,8/31/2024,4.85
63,12/28/2024,1.84
63,8/30/2025,2.41
63,1/17/2026,0.96
630,11/19/2022,3.95
630,1/28/2023,3.28
630,9/9/2023,5.13
630,12/30/2023,6.72
630,8/31/2024,4.9
630,1/4/2025,3.01
630,9/6/2025,0.84
630,1/3/2026,0.75
631,2/11/2023,2.9
631,9/2/2023,1.69
631,12/9/2023,4.88
631,12/28/2024,2.85
631,9/13/2025,1.7
631,1/17/2026,1.88
633,12/17/2022,2.35
633,3/11/2023,2.59
633,12/23/2023,7.45
633,8/24/2024,2.64
633,1/11/2025,2.25
633,9/13/2025,1.19
633,1/17/2026,2.03
634,3/18/2023,1.7
634,12/16/2023,4.59
634,8/31/2024,1.17
634,1/11/2025,1.19
634,1/10/2026,0.58
635,12/9/2023,3.56
635,1/4/2025,2.23
635,12/27/2025,1.05
637,12/3/2022,6.41
637,11/25/2023,8.12
637,1/4/2025,2.2
637,12/27/2025,3.04
64,1/7/2023,3.43
64,9/23/2023,1.53
64,12/30/2023,3.39
64,8/10/2024,1.6
64,1/18/2025,1.6
64,8/30/2025,1.06
64,1/10/2026,0.94
641,3/4/2023,2.17
641,9/2/2023,1.96
641,12/23/2023,5.16
641,8/31/2024,2.37
641,1/18/2025,2.75
641,9/6/2025,1.04
641,1/10/2026,2.48
642,12/3/2022,3.63
642,12/16/2023,3.42
642,12/21/2024,3.22
642,12/6/2025,0.66
643,12/16/2023,6.83
643,12/7/2024,5.3
643,12/6/2025,1.98
644,12/31/2022,4.2
644,12/23/2023,8.4
644,8/24/2024,3.13
644,1/4/2025,1.26
644,1/10/2026,2.24
645,9/16/2023,3.68
645,12/16/2023,6.33
645,8/31/2024,3.95
645,9/6/2025,1.1
645,1/3/2026,2.24
646,10/29/2022,3.67
646,9/2/2023,3.13
646,12/23/2023,3.26
646,8/24/2024,3.5
646,1/25/2025,1.86
646,1/17/2026,1.44
647,12/24/2022,2.57
647,12/23/2023,6.29
647,8/10/2024,2.31
647,12/28/2024,1.2
647,1/3/2026,1.86
649,1/7/2023,4.19
649,9/2/2023,3.32
649,12/23/2023,6.93
649,8/24/2024,4.29
649,1/4/2025,1.68
649,9/20/2025,1.5
649,1/17/2026,2.11
65,2/25/2023,1.35
65,9/16/2023,1.2
65,12/23/2023,2.73
65,9/7/2024,1.89
65,1/18/2025,1.3
65,9/20/2025,0.83
65,12/27/2025,2.25
650,12/10/2022,2.69
650,3/11/2023,0.83
650,12/23/2023,4.31
650,2/17/2024,2.63
650,8/31/2024,1.88
650,1/4/2025,1.61
650,9/6/2025,0.96
650,12/20/2025,1.21
651,11/26/2022,3.04
651,12/2/2023,3.17
651,9/7/2024,1
651,1/4/2025,1.14
659,11/26/2022,4.59
659,12/16/2023,6.43
659,7/27/2024,2.27
659,12/28/2024,2.25
659,1/17/2026,2.33
66,12/31/2022,4.27
66,9/16/2023,2.17
66,12/30/2023,3.84
66,8/3/2024,1.86
66,1/25/2025,1.21
66,9/6/2025,1.29
66,1/3/2026,0.65
660,12/17/2022,3.94
660,12/23/2023,6.08
660,8/31/2024,3.39
660,2/1/2025,1.55
660,8/16/2025,0.75
660,12/27/2025,2.04
661,12/17/2022,4.15
661,12/23/2023,7.35
661,8/17/2024,1.66
661,12/21/2024,7.48
661,2/7/2026,1.32
662,12/10/2022,5.94
662,12/9/2023,6.29
662,9/14/2024,2.18
662,1/25/2025,1.75
662,1/10/2026,1.68
665,10/29/2022,10.75
665,9/16/2023,1.76
665,12/16/2023,7.33
665,9/7/2024,2.4
665,1/25/2025,2.88
665,9/13/2025,1.09
665,1/10/2026,1.93
67,12/24/2022,4.63
67,2/18/2023,4.19
67,12/30/2023,5.2
67,5/4/2024,0.95
67,8/31/2024,6.3
67,8/23/2025,1.49
67,1/17/2026,2.06
671,12/31/2022,5.21
671,9/9/2023,2.9
671,12/9/2023,3.99
671,8/31/2024,4.11
671,2/8/2025,2.18
671,9/6/2025,0.69
671,1/24/2026,2.79
672,2/25/2023,6.19
672,12/23/2023,5.62
672,8/24/2024,1.89
672,1/11/2025,2.19
672,1/17/2026,1.7
674,2/25/2023,1.61
674,11/11/2023,3.46
674,8/24/2024,1.99
674,12/28/2024,1.61
674,9/13/2025,1.03
675,12/10/2022,3.95
675,12/16/2023,4.43
675,9/7/2024,4.11
675,1/4/2025,3.25
675,2/7/2026,2.89
679,1/21/2023,4.1
679,9/9/2023,2.85
679,12/30/2023,6.29
679,9/14/2024,3.52
679,1/11/2025,1.72
679,9/13/2025,2.1
679,1/24/2026,2.4
68,1/7/2023,4.64
68,9/16/2023,2.04
68,12/30/2023,4.14
68,8/24/2024,2.16
68,12/28/2024,1.93
68,9/13/2025,1.13
68,12/20/2025,1.55
686,3/25/2023,1.96
686,9/23/2023,3.83
686,12/23/2023,5.92
686,8/31/2024,2.36
686,12/21/2024,1.49
686,8/30/2025,1.84
686,1/10/2026,1.46
688,11/26/2022,3.54
688,2/18/2023,1.93
688,11/4/2023,2.42
688,8/10/2024,2
688,12/28/2024,1.26
688,8/30/2025,1.03
688,1/17/2026,0.67
689,12/10/2022,2.88
689,9/16/2023,3.11
689,12/30/2023,2.9
689,8/31/2024,2.46
689,9/6/2025,1.56
69,12/31/2022,7.09
69,9/9/2023,3.96
69,12/30/2023,5.51
69,8/17/2024,3.1
69,2/8/2025,1.13
69,8/30/2025,2.27
691,12/10/2022,2.45
691,2/25/2023,2.32
691,12/2/2023,3.79
691,9/14/2024,1.53
691,1/3/2026,1.09
692,12/3/2022,3.65
692,10/14/2023,3.41
692,8/10/2024,2.13
692,10/12/2024,2.14
692,1/17/2026,1.66
693,11/19/2022,6.06
693,4/1/2023,2.47
693,11/11/2023,5.33
693,8/10/2024,2.85
693,12/14/2024,2.44
693,8/30/2025,1.2
693,12/27/2025,1.18
694,11/26/2022,2.87
694,12/30/2023,2.24
694,9/14/2024,1.96
694,12/28/2024,1.02
694,9/6/2025,0.54
695,11/26/2022,3.01
695,3/4/2023,2.5
695,9/16/2023,3.15
695,12/30/2023,3.89
695,8/31/2024,3.18
695,12/28/2024,0.99
695,9/27/2025,2.13
696,3/18/2023,2.6
696,10/7/2023,2.36
696,12/30/2023,3.14
696,8/31/2024,2.81
696,9/13/2025,1.36
696,2/14/2026,1.08
7,12/31/2022,3.89
7,9/9/2023,2.06
7,12/30/2023,4.32
7,9/7/2024,3.9
7,12/28/2024,1.37
7,9/6/2025,1.09
7,1/10/2026,2.17
70,12/31/2022,6.33
70,9/2/2023,2.5
70,12/30/2023,4.86
70,8/31/2024,5.19
70,1/4/2025,1.85
70,9/6/2025,2.12
70,1/3/2026,1.13
703,12/10/2022,4.31
703,2/25/2023,2.08
703,12/23/2023,3.61
703,8/31/2024,2.46
703,12/21/2024,1.32
703,8/23/2025,1.22
704,12/3/2022,4.6
704,3/18/2023,2.06
704,11/25/2023,4.73
704,9/7/2024,2.69
704,12/28/2024,2.27
704,9/6/2025,0.9
704,12/27/2025,1.37
705,12/17/2022,2.9
705,2/11/2023,3.23
705,9/23/2023,3.42
705,12/30/2023,2.45
705,8/31/2024,2.81
705,9/6/2025,1.86
707,11/26/2022,2.82
707,8/26/2023,1.73
707,12/30/2023,1.98
707,7/20/2024,1.53
707,8/23/2025,1.32
708,11/26/2022,3.7
708,2/25/2023,2.14
708,9/16/2023,2.16
708,12/16/2023,2.92
708,8/31/2024,2.03
708,12/21/2024,1.03
708,8/23/2025,1.76
71,12/31/2022,6.82
71,9/2/2023,4.41
71,12/30/2023,6.06
71,8/17/2024,5.51
71,2/1/2025,2.41
71,8/30/2025,2.6
71,1/10/2026,1.13
711,11/19/2022,5.21
711,2/25/2023,1.86
711,12/16/2023,3.58
711,8/31/2024,1.88
711,12/21/2024,2.44
711,8/30/2025,1.45
711,1/31/2026,1
712,11/26/2022,2.14
712,4/1/2023,1.53
712,11/18/2023,4.72
712,9/7/2024,2.91
712,1/25/2025,2.07
712,8/30/2025,1.2
712,1/3/2026,3.74
713,12/17/2022,2.64
713,3/4/2023,3.89
713,10/7/2023,3.58
713,12/30/2023,2.87
713,9/7/2024,2.39
713,9/13/2025,0.81
714,10/7/2023,2.86
714,12/16/2023,3.18
714,12/21/2024,1.89
714,1/24/2026,1.67
715,12/23/2023,1.99
715,9/7/2024,1.88
715,9/6/2025,0.82
716,12/3/2022,2.67
716,2/25/2023,2.4
716,9/23/2023,2.31
716,12/23/2023,3.49
716,8/31/2024,2.54
716,12/28/2024,0.86
716,9/6/2025,1.37
717,12/24/2022,2.18
717,2/25/2023,3.42
717,9/16/2023,4.42
717,3/2/2024,2.48
717,8/10/2024,3.7
717,3/15/2025,0.83
717,9/6/2025,3.17
717,3/7/2026,0.51
719,12/10/2022,3.29
719,9/30/2023,4.2
719,1/13/2024,3.17
719,9/21/2024,3.62
719,9/13/2025,1.78
72,1/7/2023,2.09
72,9/9/2023,1.88
72,12/9/2023,2.21
72,8/24/2024,1.78
72,1/11/2025,1.17
72,8/30/2025,0.72
72,1/17/2026,0.55
720,12/10/2022,2.12
720,2/4/2023,2.12
720,10/7/2023,2.42
720,9/7/2024,1.88
720,9/20/2025,0.95
721,12/10/2022,3.74
721,3/18/2023,2.8
721,9/30/2023,3.08
721,12/30/2023,2.74
721,9/21/2024,2.75
721,1/10/2026,1.49
722,11/26/2022,3.45
722,2/25/2023,2.2
722,9/30/2023,2.09
722,9/21/2024,2.11
722,3/8/2025,0.74
722,9/13/2025,0.81
722,2/7/2026,0.59
724,11/5/2022,7.77
724,4/1/2023,2.86
724,11/11/2023,5.53
724,8/24/2024,3.53
724,12/21/2024,3
724,8/30/2025,1.6
724,1/3/2026,1.47
725,12/31/2022,4.97
725,3/18/2023,2.14
725,9/2/2023,3.7
725,11/11/2023,5.08
725,8/31/2024,3.87
725,1/4/2025,2.39
725,9/6/2025,0.91
725,1/3/2026,2.24
726,11/26/2022,2.5
726,12/9/2023,1.86
726,8/17/2024,2.07
726,1/4/2025,1.44
726,1/31/2026,0.91
727,12/3/2022,2.39
727,9/23/2023,2.78
727,12/30/2023,2.65
727,9/14/2024,2.49
727,9/20/2025,2.05
728,12/24/2022,2.65
728,3/4/2023,2.29
728,9/30/2023,3.01
728,12/30/2023,2.87
728,9/14/2024,2.78
728,10/11/2025,0.95
728,2/14/2026,0.83
729,2/18/2023,3.1
729,12/9/2023,3.95
729,8/17/2024,2.73
729,1/4/2025,1.26
729,10/4/2025,0.82
73,12/24/2022,10.16
73,12/23/2023,4.52
73,8/31/2024,4.24
73,3/8/2025,2.31
73,8/30/2025,2.2
73,1/10/2026,1.5
730,2/25/2023,2.94
730,12/16/2023,2.12
730,8/24/2024,3.01
730,11/30/2024,3.48
730,11/22/2025,3.39
732,12/10/2022,4.14
732,4/15/2023,1.73
732,11/11/2023,4.14
732,8/17/2024,2.72
732,12/21/2024,2.76
732,12/20/2025,2.12
734,12/10/2022,2.9
734,12/9/2023,2.98
734,8/31/2024,1.9
734,1/4/2025,1.61
734,9/13/2025,0.77
734,2/7/2026,0.83
74,12/31/2022,6.07
74,9/30/2023,1.88
74,12/30/2023,3.65
74,8/17/2024,2.15
74,1/4/2025,1.66
74,9/6/2025,0.99
74,1/3/2026,1.04
741,12/3/2022,2.7
741,3/11/2023,1.64
741,12/23/2023,3.84
741,8/24/2024,2.24
741,12/7/2024,4.28
741,4/12/2025,3.09
741,8/16/2025,0.55
741,1/3/2026,3.09
742,3/11/2023,2.44
742,9/30/2023,2.57
742,12/2/2023,3.5
742,9/14/2024,3.16
742,12/28/2024,1.67
742,9/20/2025,1.2
742,1/31/2026,1.1
743,10/14/2023,3.61
743,9/14/2024,3.15
743,9/13/2025,1.61
744,12/3/2022,4.35
744,2/25/2023,2.41
744,12/23/2023,3.29
744,8/24/2024,1.71
744,12/28/2024,1.37
744,8/30/2025,1.65
748,12/10/2022,2.68
748,9/23/2023,2.56
748,8/3/2024,3.18
748,2/1/2025,0.98
748,10/4/2025,1.19
749,9/30/2023,2.66
749,12/23/2023,4.42
749,9/7/2024,4.57
749,12/14/2024,1.81
749,9/13/2025,1.6
75,12/31/2022,3.06
75,9/16/2023,1.29
75,12/30/2023,3.17
75,8/24/2024,1.88
75,1/4/2025,1.16
75,9/6/2025,0.77
75,1/17/2026,0.94
754,11/26/2022,3.15
754,11/18/2023,2.49
754,8/10/2024,1.91
754,12/28/2024,1.43
754,12/27/2025,0.85
755,12/3/2022,4.83
755,12/23/2023,5.19
755,9/14/2024,2.32
755,12/14/2024,1.78
755,8/30/2025,1.35
759,8/19/2023,2.22
759,12/23/2023,2.13
759,8/17/2024,2.94
759,9/13/2025,0.96
759,1/10/2026,1.2
76,9/30/2023,2.23
76,12/30/2023,3.47
76,9/21/2024,2.2
76,1/11/2025,1.87
76,9/20/2025,1
76,12/27/2025,2.03
760,12/10/2022,4.52
760,12/16/2023,3.57
760,8/10/2024,2.64
760,12/14/2024,1.59
760,8/23/2025,1.48
760,1/10/2026,1.09
767,12/2/2023,3.8
767,9/7/2024,1.79
767,12/14/2024,1.95
767,1/3/2026,2.37
769,12/10/2022,7.17
769,3/11/2023,1.91
769,9/2/2023,3.34
769,12/2/2023,5.74
769,8/17/2024,4.2
769,12/28/2024,3.82
769,8/16/2025,0.97
769,1/10/2026,2.82
77,12/31/2022,5.43
77,9/9/2023,3.68
77,12/30/2023,3.2
77,8/17/2024,4
77,3/1/2025,1.47
77,8/30/2025,1.74
77,3/14/2026,0.94
770,11/19/2022,4.15
770,2/18/2023,3.41
770,11/11/2023,2.99
770,8/31/2024,2.23
770,9/13/2025,0.6
770,1/3/2026,0.6
772,12/24/2022,4
772,11/18/2023,5.56
772,8/10/2024,3.29
772,12/21/2024,3.81
772,8/23/2025,0.92
772,12/27/2025,1.63
773,9/30/2023,4.01
773,12/30/2023,3.17
773,8/10/2024,3.03
773,1/11/2025,1.12
773,9/20/2025,1.32
775,9/23/2023,3.9
775,8/17/2024,2.88
775,9/20/2025,1.33
777,11/19/2022,2.53
777,3/25/2023,1.36
777,9/16/2023,2.06
777,12/23/2023,2.99
777,8/31/2024,2.19
777,8/30/2025,0.77
777,2/14/2026,0.57
779,12/31/2022,1.83
779,10/21/2023,3.29
779,7/27/2024,1.91
779,11/16/2024,1.77
779,1/24/2026,0.92
782,12/10/2022,2.58
782,9/23/2023,3.21
782,12/30/2023,2.14
782,7/27/2024,2.49
782,9/13/2025,1.27
783,12/31/2022,2.45
783,9/23/2023,3
783,8/17/2024,3.41
783,8/30/2025,2
784,2/18/2023,2.2
784,9/16/2023,2.57
784,12/30/2023,2.46
784,9/7/2024,9.99
784,7/19/2025,4.01
784,2/14/2026,3.34
792,11/19/2022,3.92
792,3/11/2023,2.39
792,12/9/2023,3.63
792,9/14/2024,2.37
792,10/4/2025,1.02
792,4/4/2026,5.45
793,11/26/2022,6.41
793,3/11/2023,2.5
793,11/25/2023,5.86
793,8/17/2024,2.04
793,12/7/2024,3.64
793,11/29/2025,1.39
795,12/3/2022,3.69
795,10/28/2023,2.59
795,8/10/2024,2.49
795,8/30/2025,0.96
795,1/10/2026,0.94
796,11/26/2022,3.93
796,11/18/2023,3.24
796,8/17/2024,2.08
796,12/28/2024,1.53
796,8/30/2025,0.98
796,1/3/2026,0.91
797,10/29/2022,4.86
797,12/9/2023,4.87
797,10/12/2024,2.48
797,11/15/2025,0.98
80,2/18/2023,2.49
80,9/16/2023,1.89
80,12/23/2023,5.32
80,9/7/2024,3.48
80,1/18/2025,1.17
80,9/13/2025,1.16
80,2/7/2026,1.91
801,12/3/2022,5.17
801,11/18/2023,4.09
801,8/3/2024,4.56
801,12/28/2024,1.54
801,9/6/2025,1.25
805,6/17/2023,1.33
805,1/6/2024,4.55
805,8/24/2024,1.95
805,10/4/2025,1.55
806,3/4/2023,2.58
806,11/25/2023,2.79
806,9/14/2024,4.04
806,2/1/2025,1.41
806,9/13/2025,2.06
808,2/18/2023,2.99
808,1/6/2024,3.48
808,8/3/2024,5.57
808,8/23/2025,1.47
809,11/19/2022,3.5
809,4/15/2023,1.65
809,12/23/2023,4.17
809,9/14/2024,1.69
809,8/23/2025,0.62
809,1/10/2026,0.88
81,2/11/2023,3.4
81,9/16/2023,2.77
81,12/23/2023,4.74
81,9/7/2024,2.84
81,1/11/2025,1.76
81,1/10/2026,1.55
813,2/25/2023,1.82
813,11/4/2023,3.56
813,9/28/2024,2.35
813,12/6/2025,0.59
814,11/12/2022,4.52
814,2/3/2024,4.34
814,9/21/2024,3.13
814,1/31/2026,4.27
82,2/4/2023,3.25
82,9/23/2023,3.73
82,12/23/2023,4.2
82,8/31/2024,5.05
82,12/28/2024,3.21
82,9/6/2025,1.15
82,1/3/2026,2.74
821,12/31/2022,3.2
821,4/8/2023,3.07
821,8/26/2023,4.18
821,1/20/2024,2.6
821,6/15/2024,5.08
821,8/16/2025,3.78
822,12/24/2022,2.88
822,4/1/2023,2.74
822,8/26/2023,3.91
822,1/13/2024,2.88
822,6/22/2024,4.33
822,8/30/2025,2.81
823,1/7/2023,2.47
823,8/12/2023,3.5
823,1/13/2024,3.09
823,6/29/2024,3.74
823,8/23/2025,3.28
825,12/31/2022,3.51
825,8/26/2023,2.27
825,2/3/2024,2.66
825,8/10/2024,2.52
825,3/8/2025,1.32
825,8/23/2025,1.5
825,2/14/2026,0.57
826,12/31/2022,3.58
826,8/26/2023,3.43
826,1/13/2024,3.77
826,8/17/2024,3.71
826,2/22/2025,1.88
826,8/23/2025,1.83
826,1/3/2026,0.7
827,12/31/2022,4.65
827,8/26/2023,3.03
827,2/10/2024,2.68
827,8/17/2024,3.47
827,3/15/2025,1.56
827,8/23/2025,1.42
827,1/31/2026,0.64
828,12/31/2022,2.59
828,8/26/2023,3.6
828,2/3/2024,4.98
828,8/10/2024,3.44
828,3/15/2025,1.59
828,8/23/2025,2.53
829,12/31/2022,3.86
829,8/26/2023,3.52
829,2/3/2024,3.49
829,8/24/2024,3.64
829,3/1/2025,1.76
829,8/30/2025,2.33
83,12/24/2022,6.62
83,9/16/2023,2.69
83,12/30/2023,5
83,7/27/2024,2.18
83,4/5/2025,1.28
83,9/13/2025,1
830,1/7/2023,2.42
830,9/2/2023,1.65
830,2/10/2024,1.88
830,8/17/2024,2.84
830,3/15/2025,0.78
830,8/30/2025,1.27
831,12/24/2022,3.43
831,3/18/2023,2
831,9/16/2023,1.94
831,12/30/2023,3.51
831,9/7/2024,2
831,1/4/2025,1.91
831,9/13/2025,0.74
831,1/10/2026,1.35
85,12/31/2022,4.25
85,9/16/2023,1.86
85,12/30/2023,3.94
85,8/24/2024,2
85,1/11/2025,1.48
85,9/13/2025,1.09
85,12/27/2025,0.86
851,12/24/2022,5.2
851,11/18/2023,7.36
851,9/7/2024,5.89
851,1/4/2025,2.82
851,9/6/2025,1.21
851,1/3/2026,3.3
852,12/31/2022,6.65
852,9/30/2023,3.44
852,1/6/2024,4.99
852,8/24/2024,4.28
852,1/4/2025,2.21
852,9/13/2025,1.89
852,2/7/2026,1.4
853,12/31/2022,3.18
853,9/9/2023,1.72
853,12/30/2023,2.55
853,8/10/2024,2.43
853,1/25/2025,1.12
853,9/6/2025,1.08
853,1/17/2026,0.75
854,2/11/2023,3.81
854,12/30/2023,4.51
854,8/24/2024,3.38
854,1/4/2025,2.79
854,1/10/2026,1.61
855,12/24/2022,4.39
855,8/26/2023,4.56
855,12/30/2023,3.99
855,8/24/2024,3.84
855,1/11/2025,2.74
855,9/6/2025,1.82
855,1/3/2026,1.36
856,1/7/2023,4.64
856,9/2/2023,2.82
856,12/16/2023,5.56
856,9/7/2024,3.64
856,2/22/2025,1.77
856,8/30/2025,0.63
856,12/27/2025,3.11
857,12/30/2023,4.66
857,9/14/2024,2.44
857,1/11/2025,2.29
857,1/17/2026,1.5
86,12/31/2022,5.6
86,9/9/2023,2.39
86,1/6/2024,4.79
86,8/17/2024,2.16
86,1/11/2025,1.71
86,9/13/2025,1.27
86,1/3/2026,1.05
860,12/31/2022,5.6
860,9/16/2023,3.27
860,12/30/2023,7.28
860,9/14/2024,4.45
860,1/4/2025,2.62
860,9/13/2025,1.39
860,1/10/2026,2.87
861,12/31/2022,5.87
861,9/9/2023,2.76
861,12/23/2023,6.28
861,2/24/2024,2.42
861,8/31/2024,3.52
861,2/22/2025,2.22
861,9/6/2025,1.29
861,1/10/2026,1.74
862,12/31/2022,5.96
862,9/16/2023,3.65
862,12/30/2023,4.37
862,9/7/2024,4.3
862,1/4/2025,2.91
862,9/6/2025,1.09
862,12/27/2025,2.56
863,12/31/2022,5.3
863,12/23/2023,7
863,9/7/2024,4.77
863,1/4/2025,2.81
863,9/13/2025,1.42
863,1/3/2026,3.62
865,12/24/2022,4.85
865,9/16/2023,3.31
865,1/6/2024,5.64
865,8/10/2024,2.53
865,1/18/2025,1.31
865,9/13/2025,1.35
866,1/7/2023,5.16
866,9/16/2023,5.63
866,12/30/2023,6.72
866,3/9/2024,1.78
866,9/7/2024,5.77
866,12/28/2024,2.93
866,3/1/2025,1.75
866,9/6/2025,2
866,1/3/2026,2.71
867,12/31/2022,3.31
867,9/2/2023,1.52
867,12/30/2023,4.96
867,4/20/2024,0.78
867,9/7/2024,3.7
867,12/28/2024,2
867,8/30/2025,1.06
867,1/10/2026,1.89
869,12/31/2022,4.54
869,9/9/2023,2.47
869,12/30/2023,3.3
869,8/10/2024,2.45
869,2/22/2025,1.12
869,8/30/2025,1.79
869,3/14/2026,0.74
87,12/31/2022,3.61
87,9/16/2023,1.69
87,12/30/2023,4.42
87,8/10/2024,1.79
87,1/4/2025,1.41
87,8/30/2025,0.81
87,1/3/2026,0.88
875,12/31/2022,4.31
875,9/16/2023,2.48
875,12/30/2023,3.69
875,8/17/2024,2.25
875,1/11/2025,1.75
875,9/13/2025,1.14
875,1/10/2026,0.78
877,12/31/2022,3.01
877,12/16/2023,4.08
877,8/24/2024,2.75
877,12/28/2024,2.51
877,12/27/2025,1.13
878,12/31/2022,3.51
878,12/16/2023,3
878,8/24/2024,4.11
878,2/22/2025,1.61
878,9/13/2025,0.93
878,2/7/2026,0.79
88,1/7/2023,3.23
88,9/30/2023,2.6
88,12/30/2023,4.96
88,9/7/2024,2.98
88,1/4/2025,1.67
88,12/27/2025,1.12
881,2/4/2023,4.34
881,10/7/2023,3.09
881,12/30/2023,4.77
881,9/21/2024,2.9
881,1/18/2025,2.08
881,12/27/2025,1.5
882,1/28/2023,3.21
882,8/26/2023,1.98
882,12/23/2023,3.29
882,8/17/2024,2.41
882,1/25/2025,2.33
882,9/27/2025,1.26
883,12/31/2022,7.62
883,9/9/2023,3.02
883,12/30/2023,4.01
883,8/24/2024,5.08
883,1/25/2025,2.19
883,8/23/2025,3.04
885,12/31/2022,3.64
885,8/26/2023,3.69
885,2/24/2024,2.77
885,8/24/2024,3.51
885,2/22/2025,1.34
885,8/23/2025,1.52
885,1/3/2026,0.94
886,1/7/2023,4.25
886,8/26/2023,3.66
886,1/27/2024,2.93
886,8/17/2024,3.87
886,1/11/2025,0.84
886,8/30/2025,2.48
887,12/24/2022,5.6
887,8/26/2023,3.72
887,12/30/2023,3.28
887,2/24/2024,2.79
887,8/17/2024,4.08
887,2/8/2025,1.72
887,8/30/2025,1.33
887,12/27/2025,1.56
888,12/31/2022,4.31
888,12/16/2023,5.54
888,8/31/2024,4.5
888,12/28/2024,3.37
888,12/27/2025,2.03
889,10/22/2022,1.72
889,1/7/2023,5.63
889,8/26/2023,2.61
889,2/17/2024,4.99
889,8/17/2024,3.52
889,2/22/2025,1.65
889,8/16/2025,1.46
889,1/10/2026,0.87
89,12/17/2022,1.31
89,9/9/2023,2.44
89,12/30/2023,4.69
89,8/24/2024,6.03
89,12/21/2024,3.95
89,9/6/2025,1.49
89,1/3/2026,1.49
89,3/14/2026,1.21
890,1/7/2023,2.99
890,8/26/2023,3.27
890,2/3/2024,2.79
890,8/17/2024,3.97
890,3/1/2025,0.63
890,8/23/2025,3.37
893,1/7/2023,2.41
893,8/26/2023,1.94
893,1/27/2024,1.79
893,8/17/2024,2.56
893,2/1/2025,0.7
893,8/23/2025,0.9
894,12/31/2022,2.2
894,8/26/2023,3.2
894,2/3/2024,2.85
894,8/17/2024,3.77
894,3/8/2025,1.6
894,8/30/2025,1.67
894,2/28/2026,0.71
895,1/7/2023,4.03
895,9/2/2023,2.84
895,2/24/2024,2.88
895,8/17/2024,2.5
895,2/8/2025,1.74
895,8/9/2025,2.21
895,1/3/2026,1.15
896,12/31/2022,3.59
896,8/19/2023,2.9
896,2/10/2024,2.79
896,8/17/2024,3.31
896,3/15/2025,1.41
896,8/23/2025,1.59
897,1/7/2023,4.8
897,8/26/2023,3.57
897,12/16/2023,4.48
897,2/24/2024,3.91
897,8/24/2024,4.09
897,2/8/2025,1.84
897,9/6/2025,2.09
897,3/7/2026,1.64
899,12/24/2022,6.53
899,4/1/2023,1.45
899,8/26/2023,5.09
899,11/25/2023,6.39
899,3/9/2024,2.94
899,8/24/2024,6.76
899,3/8/2025,2.57
899,9/6/2025,2.05
899,1/10/2026,1.19
9,2/18/2023,2.78
9,9/30/2023,2.07
9,12/30/2023,4.27
9,8/31/2024,2.38
9,1/4/2025,2.43
9,9/13/2025,0.75
9,2/7/2026,1.09
900,1/7/2023,4.25
900,8/19/2023,6.04
900,12/30/2023,3.35
900,3/2/2024,2.89
900,8/10/2024,2.88
900,1/18/2025,0.76
900,8/30/2025,1.3
900,12/27/2025,0.7
902,12/31/2022,4.48
902,9/2/2023,2.78
902,12/23/2023,4.14
902,8/24/2024,2.94
902,12/28/2024,1.65
902,8/30/2025,0.94
902,1/3/2026,1.68
904,1/7/2023,4.06
904,11/18/2023,4.41
904,9/14/2024,3.43
904,1/3/2026,3.25
905,10/29/2022,4.39
905,3/11/2023,2.91
905,9/23/2023,3.18
905,12/16/2023,4.75
905,8/31/2024,3.36
905,1/4/2025,2.25
905,9/20/2025,1.36
905,1/17/2026,2.91
906,12/24/2022,3.36
906,12/23/2023,3.57
906,8/24/2024,1.95
906,12/28/2024,1.47
906,1/10/2026,1.4
907,2/4/2023,1.37
907,12/30/2023,5.24
907,8/31/2024,2.71
907,1/11/2025,2.71
907,8/30/2025,0.8
907,1/10/2026,0.96
908,2/18/2023,2.1
908,12/23/2023,3.9
908,9/7/2024,2.73
908,1/11/2025,1.76
908,9/13/2025,0.86
908,1/10/2026,1.41
909,3/11/2023,3.1
909,12/9/2023,6.68
909,8/24/2024,2.81
909,1/25/2025,2.83
909,9/6/2025,1.14
909,1/31/2026,1.88
910,12/17/2022,3.11
910,9/9/2023,2.12
910,12/23/2023,2.97
910,8/17/2024,2.48
910,12/28/2024,1.45
910,9/13/2025,1.23
910,1/3/2026,1.66
911,12/17/2022,3.45
911,9/30/2023,2.4
911,12/9/2023,3.62
911,8/17/2024,2.53
911,12/28/2024,1.45
911,8/30/2025,0.72
911,1/10/2026,2
912,12/17/2022,3.58
912,3/4/2023,3.03
912,12/16/2023,5.65
912,8/24/2024,2.24
912,1/11/2025,2.73
912,1/24/2026,2.88
913,12/31/2022,1.3
913,9/2/2023,0.89
913,12/23/2023,1.25
913,8/31/2024,3.55
913,12/28/2024,2.16
913,8/16/2025,1.35
913,1/3/2026,1.69
914,12/31/2022,2.2
914,12/30/2023,1.66
914,8/24/2024,4.62
914,1/11/2025,1.89
914,12/13/2025,1.55
915,12/17/2022,3.39
915,9/2/2023,2.98
915,12/23/2023,5.25
915,8/17/2024,2.71
915,12/28/2024,3.24
915,1/3/2026,2.04
917,12/10/2022,4.62
917,9/9/2023,3.1
917,12/16/2023,5.72
917,9/7/2024,3.59
917,1/4/2025,2.64
917,9/6/2025,1.08
917,1/17/2026,2.58
919,11/18/2023,5.2
919,8/24/2024,2.92
919,1/11/2025,2.5
919,8/23/2025,1.42
919,1/10/2026,1.99
92,12/31/2022,4.52
92,9/16/2023,4.1
92,12/30/2023,6.38
92,9/7/2024,5.85
92,12/28/2024,2.46
92,9/6/2025,1.48
92,1/10/2026,2.6
921,9/2/2023,2.67
921,12/16/2023,5.8
921,8/31/2024,4.26
921,1/11/2025,3.29
921,1/24/2026,3.65
923,12/30/2023,4.65
923,8/24/2024,1.88
923,1/4/2025,1.57
923,8/30/2025,0.79
923,1/10/2026,1.29
924,1/7/2023,0.65
924,9/30/2023,0.98
924,8/31/2024,3.83
924,1/4/2025,2.46
924,9/13/2025,1.18
924,1/10/2026,3.14
925,12/24/2022,3.73
925,4/22/2023,1.55
925,9/2/2023,3.96
925,12/30/2023,3.43
925,8/17/2024,5.43
925,3/22/2025,1.22
925,8/30/2025,1.78
925,12/20/2025,0.94
926,1/14/2023,3.64
926,8/19/2023,4.87
926,1/20/2024,2.45
926,8/10/2024,5.05
926,2/1/2025,0.92
926,8/23/2025,3.7
928,1/21/2023,3.69
928,8/19/2023,2.47
928,12/23/2023,2.24
928,8/17/2024,4.51
928,1/25/2025,1.26
928,8/23/2025,2.09
928,1/24/2026,0.77
929,12/31/2022,3.88
929,8/26/2023,5.55
929,2/3/2024,3.72
929,8/10/2024,4.43
929,2/1/2025,1.85
929,9/6/2025,2.1
929,1/31/2026,1.66
93,12/31/2022,3.82
93,9/23/2023,1.93
93,1/6/2024,4.77
93,8/17/2024,1.87
93,1/4/2025,1.57
93,8/30/2025,1
93,1/17/2026,0.8
930,12/24/2022,4.12
930,9/2/2023,4.36
930,1/6/2024,3.71
930,8/17/2024,4.46
930,1/4/2025,1.22
930,8/30/2025,2.79
931,12/24/2022,3.52
931,9/2/2023,3.03
931,12/23/2023,3.05
931,8/24/2024,6.04
931,3/8/2025,1.53
931,8/30/2025,2.34
931,2/28/2026,1.1
932,12/24/2022,1.85
932,12/30/2023,2.83
932,8/10/2024,1.63
932,12/28/2024,1.57
932,1/24/2026,1.11
934,12/31/2022,6.12
934,8/26/2023,4.98
934,12/30/2023,5
934,8/17/2024,7.82
934,1/4/2025,2.5
934,8/30/2025,2.55
934,2/14/2026,1.66
936,12/31/2022,6.29
936,8/26/2023,5.5
936,2/3/2024,5.08
936,8/10/2024,6.13
936,5/10/2025,1.02
936,8/23/2025,3.49
936,1/24/2026,0.79
937,12/17/2022,5.03
937,12/9/2023,3.9
937,2/10/2024,3.44
937,8/24/2024,4.59
937,2/8/2025,2.75
937,9/6/2025,2.07
937,1/3/2026,1.26
941,12/17/2022,3.16
941,2/25/2023,2.63
941,9/16/2023,2.38
941,12/16/2023,2.86
941,8/31/2024,2.2
941,1/4/2025,1.89
941,1/10/2026,0.99
943,12/9/2023,2.5
943,12/28/2024,3.2
948,11/26/2022,3.57
948,12/23/2023,3.67
948,9/28/2024,1.53
948,1/10/2026,1.51
95,2/25/2023,3.12
95,9/16/2023,1.87
95,12/30/2023,5.02
95,9/28/2024,2.95
95,1/4/2025,2.64
95,9/20/2025,0.78
95,1/3/2026,1.4
955,11/26/2022,3.75
955,12/2/2023,2.08
955,12/21/2024,2.35
955,1/31/2026,0.82
958,12/10/2022,3.04
958,3/11/2023,4.14
958,9/30/2023,2.46
958,12/16/2023,5.28
958,8/31/2024,3.09
958,1/18/2025,1.24
958,1/10/2026,1.21
96,12/31/2022,3.43
96,9/16/2023,3.7
96,12/30/2023,3.79
96,3/2/2024,2.15
96,8/17/2024,5.76
96,2/22/2025,2.35
96,8/30/2025,0.68
96,1/17/2026,1.52
962,11/26/2022,2.49
962,9/16/2023,3.28
962,12/30/2023,2.25
962,9/7/2024,3.08
962,9/6/2025,2.05
964,12/3/2022,5.65
964,12/30/2023,4.62
964,8/31/2024,2.86
964,12/21/2024,2.04
964,8/30/2025,1.91
966,11/19/2022,3.53
966,2/25/2023,2.04
966,12/16/2023,3.93
966,8/24/2024,2.74
966,9/6/2025,1.22
968,11/26/2022,2.29
968,2/18/2023,2.73
968,12/16/2023,3.07
968,8/31/2024,2.8
968,11/1/2025,0.85
969,12/10/2022,3.36
969,9/23/2023,3.02
969,11/18/2023,3.07
969,8/10/2024,4.02
969,9/13/2025,1.97
97,12/31/2022,6.03
97,10/28/2023,3.09
97,12/23/2023,5.26
97,8/24/2024,5.04
97,2/22/2025,1.96
97,8/30/2025,1.29
97,2/28/2026,1.37
970,12/3/2022,6.84
970,3/4/2023,3.5
970,9/30/2023,4.15
970,8/24/2024,4.29
970,8/30/2025,2.46
970,1/17/2026,2.25
971,11/26/2022,4.54
971,4/15/2023,2.23
971,12/23/2023,4.46
971,8/10/2024,3.17
971,9/13/2025,1.21
971,2/7/2026,1.46
973,12/3/2022,3.57
973,9/30/2023,2.7
973,12/30/2023,2.62
973,8/17/2024,2.65
973,12/28/2024,1.18
973,9/6/2025,1.49
975,2/25/2023,2.9
975,11/4/2023,3.76
975,8/10/2024,2.94
975,9/6/2025,1.22
975,2/14/2026,0.87
98,1/14/2023,2.91
98,12/30/2023,3.03
98,8/31/2024,1.61
98,12/28/2024,2.31
98,9/6/2025,0.57
98,1/17/2026,0.99
982,2/4/2023,1.53
982,9/9/2023,4.22
982,12/16/2023,5.45
982,9/7/2024,4.1
982,1/11/2025,3.35
982,9/20/2025,1.61
982,1/17/2026,2.72
985,11/19/2022,5.99
985,3/25/2023,2.02
985,11/4/2023,3.72
985,8/17/2024,2.36
985,8/30/2025,1.38
985,12/13/2025,1.61
986,11/26/2022,4.4
986,4/8/2023,1.9
986,11/4/2023,3.39
986,8/17/2024,1.87
986,12/28/2024,1.89
986,8/23/2025,1.5
986,12/20/2025,1.23
99,12/31/2022,5.17
99,9/9/2023,2.1
99,12/30/2023,4.53
99,8/24/2024,3.13
99,2/22/2025,1.41
99,8/30/2025,1.73
99,3/7/2026,1.02
All,10/1/2022,3.76
All,10/1/2022,2.29
All,10/1/2022,2.87
All,10/1/2022,3.61
All,10/1/2022,3.17
All,10/8/2022,3.43
All,10/8/2022,3.91
All,10/8/2022,3.3
All,10/8/2022,1.85
All,10/8/2022,3.91
All,10/15/2022,3.26
All,NA,NA
All,10/15/2022,3.26
All,10/15/2022,3.05
All,10/15/2022,2.52
All,10/22/2022,3.14
All,NA,NA
All,NA,NA
All,NA,NA
All,10/22/2022,1.92
All,10/29/2022,2.93
All,10/29/2022,2.18
All,10/29/2022,3.23
All,10/29/2022,3.84
All,11/5/2022,3.26
All,11/5/2022,3.05
All,11/5/2022,3.82
All,11/12/2022,2.18
All,11/12/2022,2.99
All,11/12/2022,2.43
All,NA,NA
All,NA,NA
All,11/19/2022,3.94
All,11/19/2022,3.15
All,11/19/2022,2.96
All,11/26/2022,2.35
All,11/26/2022,2.57
All,NA,NA
All,11/26/2022,2.51
All,12/3/2022,2.78
All,12/3/2022,5.01
All,NA,NA
All,NA,NA
All,12/10/2022,4.67
All,12/10/2022,3.05
All,12/10/2022,3.57
All,12/10/2022,3.44
All,12/17/2022,5.07
All,12/17/2022,3.11
All,12/17/2022,3.56
All,12/17/2022,4.04
All,12/24/2022,3.95
All,12/24/2022,3.89
All,12/24/2022,4.4
All,12/24/2022,3.97
All,12/31/2022,4.63
All,12/31/2022,4.59
All,12/31/2022,4.7
All,12/31/2022,4.89
All,1/7/2023,4.94
All,1/7/2023,4.47
All,1/7/2023,3.46
All,1/7/2023,5.46
All,1/7/2023,4.61
All,1/14/2023,4.83
All,1/14/2023,4.99
All,1/14/2023,5.2
All,1/14/2023,3.28
All,1/21/2023,3.61
All,1/21/2023,4.31
All,1/21/2023,3.42
All,1/21/2023,3.9
All,1/21/2023,4.16
All,1/28/2023,3.12
All,1/28/2023,3.51
All,1/28/2023,3.51
All,1/28/2023,3.52
All,2/4/2023,2.92
All,2/4/2023,3.44
All,2/4/2023,3.19
All,2/4/2023,3.14
All,2/4/2023,2.76
All,2/11/2023,2.82
All,2/11/2023,3.38
All,2/11/2023,3.17
All,2/11/2023,2.91
All,2/18/2023,3.44
All,2/18/2023,2.74
All,2/18/2023,1.97
All,2/18/2023,2.99
All,2/25/2023,3.09
All,2/25/2023,2.63
All,2/25/2023,3.27
All,3/4/2023,2.63
All,3/4/2023,2.47
All,3/4/2023,2.09
All,3/4/2023,2.67
All,3/4/2023,3.26
All,3/11/2023,2.5
All,3/11/2023,2.7
All,3/11/2023,2.32
All,3/11/2023,2.92
All,3/18/2023,2.29
All,3/18/2023,2.79
All,3/18/2023,2.31
All,3/18/2023,2.49
All,3/25/2023,1.96
All,3/25/2023,2.27
All,3/25/2023,2.73
All,3/25/2023,1.99
All,4/1/2023,2.57
All,4/1/2023,1.93
All,4/1/2023,2.48
All,4/1/2023,1.66
All,4/8/2023,3.06
All,4/8/2023,1.73
All,4/8/2023,1.51
All,4/8/2023,1.79
All,4/8/2023,1.82
All,4/8/2023,1.58
All,4/15/2023,3.16
All,4/15/2023,1.56
All,4/15/2023,2.18
All,4/15/2023,1.03
All,4/22/2023,2.82
All,4/22/2023,2.07
All,4/22/2023,1.51
All,4/22/2023,1.87
All,4/22/2023,1.34
All,4/29/2023,2.02
All,4/29/2023,2.45
All,4/29/2023,0.97
All,4/29/2023,1.63
All,5/6/2023,0.94
All,5/6/2023,1.23
All,5/6/2023,2.13
All,5/6/2023,1.82
All,5/6/2023,1.38
All,5/13/2023,2.11
All,5/13/2023,1.32
All,5/13/2023,1.71
All,5/13/2023,1.21
All,5/20/2023,1.88
All,5/20/2023,1.51
All,5/20/2023,1.22
All,5/20/2023,1.1
All,5/27/2023,1.89
All,5/27/2023,1.33
All,5/27/2023,0.9
All,6/3/2023,0.97
All,6/3/2023,1.75
All,6/3/2023,1.11
All,6/10/2023,1.1
All,6/10/2023,0.82
All,6/10/2023,1.77
All,6/10/2023,0.79
All,6/17/2023,1.08
All,6/17/2023,1.4
All,6/17/2023,1.58
All,6/24/2023,0.85
All,6/24/2023,0.61
All,6/24/2023,0.66
All,6/24/2023,1.6
All,6/24/2023,0.89
All,7/1/2023,1.2
All,7/1/2023,1.61
All,7/1/2023,1.67
All,7/8/2023,1.9
All,7/8/2023,1.7
All,7/8/2023,1.36
All,7/8/2023,1.02
All,7/15/2023,0.88
All,7/15/2023,1.54
All,7/15/2023,0.64
All,7/15/2023,2.05
All,7/15/2023,0.78
All,7/15/2023,0.77
All,7/22/2023,0.83
All,7/22/2023,1.79
All,7/22/2023,2.19
All,7/22/2023,0.82
All,7/22/2023,1.09
All,7/29/2023,2.59
All,7/29/2023,1.86
All,7/29/2023,1.15
All,8/5/2023,3.02
All,8/5/2023,2.55
All,8/5/2023,1.86
All,8/5/2023,1.21
All,8/12/2023,2.43
All,8/12/2023,2.22
All,8/12/2023,1.18
All,8/12/2023,3.51
All,8/12/2023,1.72
All,8/19/2023,2.94
All,8/19/2023,3.35
All,8/19/2023,3.8
All,8/26/2023,1.93
All,8/26/2023,3.84
All,8/26/2023,4.04
All,8/26/2023,2.16
All,8/26/2023,3.45
All,9/2/2023,1.37
All,9/2/2023,4.36
All,9/2/2023,4.12
All,9/2/2023,4.08
All,9/9/2023,4.28
All,9/9/2023,2.52
All,9/9/2023,4.01
All,9/9/2023,3.85
All,9/9/2023,3.23
All,9/16/2023,3.13
All,9/16/2023,3.49
All,9/16/2023,3.71
All,9/16/2023,2.55
All,9/16/2023,3.46
All,9/23/2023,2.47
All,9/23/2023,3.33
All,9/23/2023,2.48
All,9/23/2023,3.37
All,9/23/2023,2.66
All,9/30/2023,3.24
All,9/30/2023,2.76
All,9/30/2023,3
All,9/30/2023,2.97
All,10/7/2023,2.67
All,10/7/2023,2.96
All,10/7/2023,2.1
All,10/7/2023,2.65
All,10/7/2023,3.08
All,10/14/2023,2.14
All,10/14/2023,2.91
All,10/14/2023,1.99
All,10/14/2023,2.93
All,10/14/2023,2.63
All,10/21/2023,2.75
All,10/21/2023,1.92
All,10/21/2023,3.17
All,10/21/2023,2.28
All,10/21/2023,2.5
All,10/28/2023,3.64
All,10/28/2023,1.79
All,10/28/2023,2.49
All,10/28/2023,1.69
All,10/28/2023,2.28
All,11/4/2023,2.42
All,11/4/2023,2.49
All,11/4/2023,1.99
All,11/4/2023,4.23
All,11/11/2023,2.45
All,11/11/2023,2.25
All,11/11/2023,4.77
All,11/11/2023,2.43
All,11/11/2023,1.92
All,11/18/2023,2.32
All,11/18/2023,4.89
All,11/18/2023,2.53
All,11/18/2023,2.89
All,11/18/2023,2.79
All,11/25/2023,2.49
All,11/25/2023,4.76
All,11/25/2023,2.89
All,11/25/2023,2.71
All,11/25/2023,3.42
All,12/2/2023,3.16
All,12/2/2023,3.08
All,12/2/2023,4.24
All,12/9/2023,3.71
All,12/9/2023,3.41
All,12/9/2023,4.17
All,12/9/2023,3.13
All,12/9/2023,3.15
All,12/16/2023,4.6
All,12/16/2023,3.88
All,12/16/2023,3.4
All,12/16/2023,3.45
All,12/16/2023,4.1
All,12/23/2023,4.46
All,12/23/2023,5.06
All,12/23/2023,3.61
All,12/23/2023,3.12
All,12/30/2023,4.44
All,12/30/2023,4.18
All,12/30/2023,3.89
All,12/30/2023,5.37
All,1/6/2024,4.19
All,1/6/2024,5.35
All,1/6/2024,4.43
All,1/6/2024,4.27
All,1/13/2024,4.36
All,1/13/2024,3.83
All,1/13/2024,3.56
All,1/13/2024,3.74
All,1/13/2024,4.53
All,1/13/2024,4.75
All,1/20/2024,2.9
All,1/20/2024,3.5
All,1/20/2024,3.97
All,1/20/2024,3.09
All,1/20/2024,3.71
All,1/27/2024,3.88
All,1/27/2024,2.78
All,1/27/2024,2.9
All,2/3/2024,2.2
All,2/3/2024,3
All,2/3/2024,3.91
All,2/3/2024,2.54
All,2/3/2024,2.98
All,2/10/2024,3.05
All,2/10/2024,2.56
All,2/10/2024,3.76
All,2/10/2024,2.67
All,2/10/2024,3.15
All,2/17/2024,3.09
All,2/17/2024,3.33
All,2/17/2024,2.65
All,2/17/2024,2.87
All,2/24/2024,1.98
All,2/24/2024,2.84
All,2/24/2024,2.68
All,2/24/2024,2.94
All,3/2/2024,1.82
All,3/2/2024,2.1
All,3/2/2024,2.54
All,3/2/2024,1.36
All,3/2/2024,2.43
All,3/2/2024,2.56
All,3/9/2024,1.58
All,3/9/2024,2.12
All,3/9/2024,2.1
All,3/9/2024,2.12
All,3/16/2024,1.55
All,3/16/2024,1.69
All,3/16/2024,1.64
All,3/16/2024,1.65
All,3/16/2024,1.57
All,3/23/2024,1.21
All,3/23/2024,1.1
All,3/23/2024,1.25
All,3/23/2024,1.22
All,3/23/2024,1.24
All,3/30/2024,0.97
All,3/30/2024,1.11
All,3/30/2024,0.98
All,3/30/2024,0.86
All,4/6/2024,0.85
All,4/6/2024,0.77
All,4/6/2024,1.05
All,4/6/2024,0.87
All,4/13/2024,0.89
All,4/13/2024,0.75
All,4/13/2024,0.64
All,4/20/2024,0.59
All,4/20/2024,1.48
All,4/20/2024,1.11
All,4/27/2024,0.74
All,5/4/2024,0.89
All,5/11/2024,1.13
All,5/11/2024,0.65
All,5/11/2024,0.54
All,5/11/2024,0.53
All,5/18/2024,0.5
All,5/18/2024,1.38
All,5/18/2024,0.62
All,5/18/2024,0.57
All,5/25/2024,1.88
All,5/25/2024,0.61
All,6/1/2024,2.72
All,6/1/2024,0.85
All,6/1/2024,0.53
All,6/1/2024,0.64
All,6/1/2024,0.88
All,6/8/2024,0.86
All,6/8/2024,3.62
All,6/8/2024,0.68
All,6/8/2024,0.94
All,6/8/2024,0.76
All,6/15/2024,1.23
All,6/15/2024,1.22
All,6/15/2024,0.65
All,6/15/2024,4.33
All,6/22/2024,4.74
All,6/22/2024,1.43
All,6/22/2024,1.37
All,6/22/2024,1.47
All,6/22/2024,0.71
All,6/29/2024,1.65
All,6/29/2024,0.84
All,6/29/2024,4.71
All,6/29/2024,1.93
All,6/29/2024,1.49
All,6/29/2024,1.61
All,7/6/2024,1.79
All,7/6/2024,4.49
All,7/6/2024,2.54
All,7/6/2024,1.22
All,7/13/2024,1.88
All,7/13/2024,1.36
All,7/13/2024,3.94
All,7/13/2024,3.2
All,7/13/2024,1.38
All,7/20/2024,2.51
All,7/20/2024,3.81
All,7/20/2024,1.62
All,7/20/2024,3.7
All,7/20/2024,1.68
All,7/27/2024,3.02
All,7/27/2024,3.49
All,7/27/2024,2.23
All,7/27/2024,4.15
All,8/3/2024,3.63
All,8/3/2024,4.17
All,8/3/2024,3.6
All,8/3/2024,2.28
All,8/3/2024,3.1
All,8/10/2024,3.84
All,8/10/2024,3.87
All,8/10/2024,4.07
All,8/17/2024,4.1
All,8/17/2024,4.07
All,8/17/2024,2.39
All,8/17/2024,4.28
All,8/17/2024,3.35
All,8/17/2024,3.14
All,8/24/2024,4.13
All,8/24/2024,4.38
All,8/24/2024,3.9
All,8/24/2024,4.11
All,8/31/2024,2.76
All,8/31/2024,4.15
All,8/31/2024,2.46
All,8/31/2024,3.79
All,8/31/2024,3.51
All,9/7/2024,2.38
All,9/7/2024,3.66
All,9/7/2024,4.17
All,9/7/2024,2.93
All,9/14/2024,2.62
All,9/14/2024,2.85
All,9/14/2024,2.91
All,9/14/2024,4.49
All,9/14/2024,2.3
All,9/21/2024,2.81
All,9/21/2024,2.46
All,9/21/2024,4.16
All,9/21/2024,2.68
All,9/28/2024,2.77
All,9/28/2024,2.14
All,9/28/2024,2.36
All,9/28/2024,3.36
All,10/5/2024,2.34
All,10/5/2024,2.1
All,10/5/2024,1.91
All,10/5/2024,2.09
All,10/5/2024,2.49
All,10/12/2024,1.35
All,10/12/2024,1.32
All,10/12/2024,1.77
All,10/12/2024,1.9
All,10/19/2024,1.31
All,10/19/2024,1.68
All,10/19/2024,1.51
All,10/19/2024,1.35
All,10/19/2024,1.39
All,10/26/2024,1.32
All,10/26/2024,1.42
All,10/26/2024,1.28
All,10/26/2024,1.28
All,11/2/2024,1.25
All,11/2/2024,0.96
All,11/2/2024,1.08
All,11/2/2024,1.4
All,11/9/2024,1.38
All,11/9/2024,0.94
All,11/9/2024,1.35
All,11/16/2024,1.54
All,11/16/2024,0.86
All,11/16/2024,0.9
All,11/16/2024,1.04
All,11/23/2024,1.45
All,11/23/2024,0.71
All,11/23/2024,1.75
All,11/23/2024,1.04
All,11/23/2024,1.21
All,11/30/2024,1.96
All,11/30/2024,0.99
All,11/30/2024,1.64
All,11/30/2024,1.04
All,12/7/2024,0.81
All,12/7/2024,1.32
All,12/7/2024,0.96
All,12/7/2024,1.7
All,12/7/2024,2.05
All,12/14/2024,1.39
All,12/14/2024,2.16
All,12/14/2024,1.09
All,12/14/2024,1.06
All,12/14/2024,1.37
All,12/21/2024,2.23
All,12/21/2024,1.61
All,12/21/2024,1.48
All,12/21/2024,1.48
All,12/28/2024,1.83
All,12/28/2024,2.06
All,12/28/2024,1.82
All,12/28/2024,2.57
All,1/4/2025,2.4
All,1/4/2025,2.25
All,1/4/2025,2.67
All,1/4/2025,2.18
All,1/11/2025,2.44
All,1/11/2025,2.93
All,1/11/2025,2.33
All,1/11/2025,1.33
All,1/11/2025,2.66
All,1/18/2025,2.24
All,1/18/2025,2.4
All,1/18/2025,2.63
All,1/18/2025,2.02
All,1/25/2025,1.72
All,1/25/2025,1.69
All,1/25/2025,1.79
All,1/25/2025,1.8
All,1/25/2025,2.07
All,1/25/2025,1.42
All,2/1/2025,1.75
All,2/1/2025,1.44
All,2/1/2025,1.62
All,2/8/2025,0.79
All,2/8/2025,1.47
All,2/8/2025,1.3
All,2/8/2025,1.59
All,2/8/2025,1.57
All,2/15/2025,1.62
All,2/15/2025,1.27
All,2/15/2025,1.48
All,2/15/2025,1.25
All,2/15/2025,1.56
All,2/22/2025,1.24
All,2/22/2025,1.51
All,2/22/2025,1.37
All,2/22/2025,1.37
All,2/22/2025,1.58
All,3/1/2025,1.05
All,3/1/2025,1.28
All,3/1/2025,1.19
All,3/1/2025,1.36
All,3/1/2025,1.37
All,3/8/2025,1.12
All,3/8/2025,1.23
All,3/8/2025,1.19
All,3/8/2025,1.34
All,3/8/2025,1.16
All,3/15/2025,1.17
All,3/15/2025,1.18
All,3/15/2025,1.38
All,3/22/2025,1.18
All,3/22/2025,0.96
All,3/22/2025,1.32
All,3/22/2025,1.1
All,3/22/2025,1.2
All,3/29/2025,1.02
All,3/29/2025,1.15
All,3/29/2025,0.94
All,3/29/2025,0.96
All,4/5/2025,0.91
All,4/5/2025,0.9
All,4/5/2025,1.08
All,4/12/2025,0.9
All,4/12/2025,0.78
All,4/12/2025,0.82
All,4/12/2025,0.82
All,4/19/2025,0.77
All,4/19/2025,0.77
All,4/19/2025,0.85
All,4/26/2025,0.69
All,4/26/2025,0.72
All,4/26/2025,0.63
All,4/26/2025,0.59
All,5/3/2025,0.71
All,5/3/2025,0.61
All,5/3/2025,0.57
All,5/10/2025,0.59
All,5/10/2025,0.84
All,5/17/2025,0.57
All,5/17/2025,0.5
All,5/17/2025,0.94
All,5/24/2025,1.03
All,5/24/2025,0.54
All,5/24/2025,0.52
All,5/31/2025,1.03
All,5/31/2025,0.59
All,5/31/2025,0.57
All,6/7/2025,0.62
All,6/7/2025,1.07
All,6/7/2025,0.57
All,6/14/2025,0.75
All,6/14/2025,1.07
All,6/21/2025,0.87
All,6/21/2025,0.57
All,6/21/2025,1.12
All,6/28/2025,0.58
All,6/28/2025,1.13
All,6/28/2025,0.56
All,7/5/2025,1.19
All,7/5/2025,0.67
All,7/5/2025,1.19
All,7/5/2025,0.59
All,7/5/2025,0.63
All,7/12/2025,1.51
All,7/12/2025,1.4
All,7/12/2025,0.56
All,7/19/2025,1.84
All,7/19/2025,1.58
All,7/19/2025,0.88
All,7/19/2025,0.87
All,7/26/2025,2.38
All,7/26/2025,0.54
All,7/26/2025,1.79
All,7/26/2025,0.77
All,8/2/2025,0.98
All,8/2/2025,0.9
All,8/2/2025,1.3
All,8/2/2025,2.03
All,8/2/2025,2.69
All,8/9/2025,1.59
All,8/9/2025,1.17
All,8/9/2025,3.12
All,8/9/2025,1.62
All,8/16/2025,1.91
All,8/16/2025,2.43
All,8/16/2025,3.45
All,8/23/2025,1.72
All,8/23/2025,1.44
All,8/23/2025,3.61
All,8/23/2025,2.63
All,8/30/2025,2.77
All,8/30/2025,2.81
All,8/30/2025,1.38
All,8/30/2025,2.18
All,8/30/2025,3.45
All,9/6/2025,2.93
All,9/6/2025,2.9
All,9/6/2025,2.49
All,9/6/2025,2.44
All,9/6/2025,2.82
All,9/13/2025,2.49
All,9/13/2025,2.29
All,9/13/2025,2.5
All,9/13/2025,2.46
All,9/20/2025,1.83
All,9/20/2025,1.36
All,9/20/2025,1.77
All,9/20/2025,2.24
All,9/20/2025,1.7
All,9/20/2025,1.84
All,9/27/2025,1.17
All,9/27/2025,1.65
All,9/27/2025,1.3
All,9/27/2025,1.16
All,9/27/2025,1.71
All,10/4/2025,1.32
All,10/4/2025,0.86
All,10/4/2025,1.38
All,10/11/2025,0.83
All,10/11/2025,1.11
All,10/11/2025,1.09
All,10/18/2025,0.89
All,10/18/2025,0.75
All,10/18/2025,0.68
All,10/18/2025,0.82
All,10/25/2025,0.72
All,10/25/2025,0.69
All,10/25/2025,0.62
All,10/25/2025,0.6
All,11/1/2025,0.5
All,11/1/2025,0.61
All,11/1/2025,0.6
All,11/8/2025,0.52
All,11/8/2025,0.59
All,11/15/2025,0.5
All,11/15/2025,0.62
All,11/15/2025,0.58
All,11/22/2025,0.65
All,11/22/2025,0.61
All,11/22/2025,0.75
All,11/29/2025,0.55
All,11/29/2025,0.57
All,11/29/2025,0.68
All,11/29/2025,0.88
All,11/29/2025,0.72
All,12/6/2025,0.99
All,12/6/2025,0.59
All,12/6/2025,0.7
All,12/6/2025,0.79
All,12/13/2025,1.07
All,12/13/2025,0.75
All,12/13/2025,0.92
All,12/13/2025,0.75
All,12/20/2025,0.89
All,12/20/2025,0.69
All,12/20/2025,1.21
All,12/20/2025,1.2
All,12/27/2025,0.95
All,12/27/2025,1.51
All,12/27/2025,1.72
All,12/27/2025,1.31
All,12/27/2025,1.23
All,1/3/2026,1.4
All,1/3/2026,1.75
All,1/3/2026,1.78
All,1/3/2026,2.38
All,1/3/2026,1.6
All,1/10/2026,1.43
All,1/10/2026,1.88
All,1/10/2026,1.85
All,1/10/2026,1.83
All,1/10/2026,1.97
All,1/10/2026,2.55
All,1/17/2026,2.3
All,1/17/2026,1.2
All,1/17/2026,1.71
All,1/17/2026,1.89
All,1/24/2026,1.47
All,1/24/2026,1.66
All,1/24/2026,1.98
All,1/24/2026,1.67
All,1/24/2026,1.52
All,1/31/2026,1.31
All,1/31/2026,1.58
All,1/31/2026,1.46
All,1/31/2026,1.91
All,1/31/2026,1.48
All,2/7/2026,1.52
All,2/7/2026,1.19
All,2/7/2026,1.24
All,2/7/2026,1.76
All,2/7/2026,1.5
All,2/14/2026,1.11
All,2/14/2026,1.39
All,2/14/2026,1.46
All,2/14/2026,1.44
All,2/21/2026,1.38
All,2/21/2026,1.22
All,2/21/2026,1.22
All,2/21/2026,0.81
All,2/28/2026,1.09
All,2/28/2026,1.12
All,2/28/2026,1.14
All,2/28/2026,1.03
All,2/28/2026,1.05
All,3/7/2026,0.61
All,3/7/2026,0.89
All,3/7/2026,1.06
All,3/7/2026,0.76
All,3/14/2026,0.99
All,3/14/2026,0.84
All,3/14/2026,0.72
All,3/14/2026,0.85
All,3/14/2026,0.78
All,3/21/2026,0.77
All,3/21/2026,0.8
All,3/21/2026,0.57
All,3/21/2026,0.83
All,3/21/2026,0.73
All,3/21/2026,0.66
All,3/28/2026,0.59
All,3/28/2026,0.63
All,3/28/2026,0.71
All,3/28/2026,0.71
All,4/4/2026,0.7
All,4/4/2026,0.59
All,4/4/2026,0.63
All,4/11/2026,0.54
All,4/11/2026,0.76
All,4/18/2026,0.69
All,4/25/2026,0.6
All,5/2/2026,0.5
