virus,season,model,beta,alpha,lower.ci,upper.ci,spark,lower.ci,upper.ci,ll,aic
influenza,2023-2024,1,0,0.000107,0.0000985,0.000115468,0.0000317,0.00000487,0.000205924,-2932.123,5868.246
influenza,2023-2024,1,0.5,0.00331,0.00306,0.003582989,0.0000327,0.00000518,0.000205898,-2923.46,5850.92
influenza,2023-2024,1,1,0.0873,0.0806,0.094502703,0.0000393,0.000007,0.00022064,-2916.715,5837.431
influenza,2023-2024,1,1.5,1.82,1.68,1.975771633,0.0000651,0.0000162,0.000260989,-2917.938,5839.876
influenza,2023-2024,1,2,28.27586734,26.1,30.7,0.000148791,0.0000612,0.000362,-2948.268,5900.536
influenza,2023-2024,2,0,0.0000224,0.0000207,0.0000242,0.000028,0.00000421,0.000186,-2897.327,5798.654
influenza,2023-2024,2,0.5,0.000692951,0.00064,0.000750132,2.89289E-05,0.00000445,0.000188076,-2889.368,5782.736
influenza,2023-2024,2,1,0.0182,0.0169,0.019755394,0.0000347,0.00000589,0.000204264,-2883.617,5771.235
influenza,2023-2024,2,1.5,0.381,0.35167473,0.412610714,0.0000572,1.34141E-05,0.000243837,-2885.897,5775.794
influenza,2023-2024,2,2,5.911049444,5.45,6.411207526,0.000131573,0.0000519,0.000333727,-2917.259,5838.519
influenza,2024-2025,1,0,0.000142072,0.000131312,0.000153714,1.81987E-05,2.63406E-06,0.000125735,-2779.039,5562.079
influenza,2024-2025,1,0.5,4.338*10^-3,4.0095*10^-3,0.00469,1.747*10^-5,2.4923*10^-6,0.000122,-2785.95,5575.896
influenza,2024-2025,1,1,0.1123,0.10388,0.122,1.84^-5,2.639*10^-6,0.000128,-2791.376,5586.751
influenza,2024-2025,1,1.5,2.323854,2.147533,2.514651589,2.37084E-05,3.57356E-06,0.00015729,-2798.18,5600.361
influenza,2024-2025,1,2,36.35582,33.57077,39.37191,5.29965E-05,1.227E-05,0.000228903,-2827.263,5658.526
influenza,2024-2025,2,0,2.90196E-05,2.68221E-05,3.13971E-05,1.76875E-05,2.54298E-06,0.000123024,-2759.885,5523.771
influenza,2024-2025,2,0.5,0.000886513,0.000819389,0.000959136,1.70898E-05,2.43533E-06,0.000119927,-2766.387,5536.775
influenza,2024-2025,2,1,0.02297092,0.02123119,0.024853222,1.80463E-05,2.58663E-06,0.000125905,-2771.762,5547.524
influenza,2024-2025,2,1.5,0.4749801,0.438947,0.513971241,2.32379E-05,3.51029E-06,0.000153833,-2778.58,5561.159
influenza,2025-2026,1,0,0.000178084,0.000164605,0.000192668,1.65809E-05,2.3668E-06,0.00011616,-2647.867,5299.734
influenza,2025-2026,1,0.5,0.005658053,0.005229708,0.006121482,1.72907E-05,2.49714E-06,0.000119724,-2632.57,5269.14
influenza,2025-2026,1,1,0.1512757,0.1398173,0.163673173,1.95912E-05,2.98724E-06,0.000128485,-2621.404,5246.809
influenza,2025-2026,1,1.5,3.116077321,2.879682,3.371877941,2.73034E-05,5.16551E-06,0.000144318,-2634.74,5273.48
influenza,2025-2026,2,0,3.69706E-05,3.41724E-05,3.99979E-05,1.61251E-05,2.29206E-06,0.000113443,-2618.75,5241.499
influenza,2025-2026,2,0.5,0.001176724,0.001087648,0.001273095,1.68326E-05,2.42495E-06,0.000116842,-2602.353,5208.706
influenza,2025-2026,2,1,0.03147483,0.02909109,0.034053895,1.90323E-05,2.88464E-06,0.000125572,-2590.965,5185.93
influenza,2025-2026,2,1.5,0.6443433,0.5954657,0.69723303,2.66166E-05,4.99695E-06,0.000141776,-2608.177,5220.354
rsv,2023-2024,1,0,0.0000735,0.0000677,0.0000799,0.000171,0.0000532,0.000552,-3139,6281.991
rsv,2023-2024,1,0.5,0.002411,0.002226,0.002612,0.0000519,0.00000831,0.000324,-3079.24,6162.489
rsv,2023-2024,1,1,0.06646,0.061387,0.071952,0.0000346,0.00000509,0.000235,-3027.85,6059.708
rsv,2023-2024,1,1.5,1.447079,1.336575,1.566718,0.000036,0.00000533,0.000243,-2999.16,6002.313
rsv,2023-2024,2,0,0.0000159,0.0000146,0.0000172,0.00011,0.0000262,0.000458,-3093.31,6190.626
rsv,2023-2024,2,0.5,0.000515,0.000476,0.000558,0.0000395,0.00000593,0.000263,-3034.21,6072.421
rsv,2023-2024,2,1,0.014134,0.013057,0.0153,0.0000293,0.00000423,0.000203,-2985.01,5974.015
rsv,2023-2024,2,1.5,0.305848,0.282531,0.331089,0.0000307,0.00000444,0.000212,-2960.17,5924.347
rsv,2024-2025,1,0,0.0000875,0.0000807,0.0000949,0.0000553,0.0000106,0.000289,-2996.24,5996.478
rsv,2024-2025,1,0.5,0.002817,0.002599,0.003053,0.0000402,0.00000684,0.000236,-2951.13,5906.252
rsv,2024-2025,1,1,0.076715,0.070794,0.083131,0.0000368,0.00000629,0.000215,-2915.39,5834.784
rsv,2024-2025,1,1.5,1.645174,1.517863,1.783163,0.0000467,0.00000938,0.000232,-2900.55,5805.096
rsv,2024-2025,2,0,0.0000185,0.000017,0.00002,0.0000445,0.00000796,0.000249,-2958.64,5921.271
rsv,2024-2025,2,0.5,0.000593,0.000547,0.000642,0.0000347,0.00000576,0.000209,-2914.56,5833.124
rsv,2024-2025,2,1,0.016085,0.014845,0.017428,0.0000331,0.00000558,0.000196,-2880.88,5765.759
rsv,2024-2025,2,1.5,0.343327,0.316807,0.372067,0.0000419,0.00000827,0.000212,-2869.02,5742.033
rsv,2025-2026,1,0,0.0000689,0.0000634,0.0000748,0.0000727,0.0000158,0.000335,-3085.39,6174.774
rsv,2025-2026,1,0.5,0.002202,0.002029,0.00239,0.0000551,0.0000111,0.000275,-3043.69,6091.381
rsv,2025-2026,1,1,0.059414,0.054751,0.064474,0.000054,0.0000118,0.000248,-3013.67,6031.335
rsv,2025-2026,1,1.5,1.254266,1.155382,1.361612,0.0000748,0.0000213,0.000263,-3006.26,6016.522
rsv,2025-2026,2,0,0.0000145,0.0000134,0.0000157,0.0000503,0.000009,0.000281,-3054.28,6112.566
rsv,2025-2026,2,0.5,0.000462,0.000426,0.000501,0.0000413,0.00000721,0.000237,-3013.27,6030.542
rsv,2025-2026,2,1,0.012429,0.011457,0.013483,0.0000427,0.00000819,0.000223,-2984.92,5973.836
rsv,2025-2026,2,1.5,0.261292,0.240773,0.28356,0.0000617,0.0000158,0.00024,-2980.33,5964.664
covid,pd1,1,0,0.000165,0.000152,0.000179,0.000052,0.00000807,0.000335,-2457.88,4919.753
covid,pd1,1,0.5,0.005038,0.004633,0.005477,0.0000417,0.00000606,0.000287,-2455.44,4914.871
covid,pd1,1,1,0.128255,0.117958,0.139451,0.0000426,0.00000614,0.000295,-2465.79,4935.58
covid,pd1,1,1.5,2.504982,2.302528,2.725237,0.0000659,0.0000103,0.000419,-2503.69,5011.385
covid,pd1,2,0,0.0000321,0.0000295,0.0000349,0.0000563,0.00000897,0.000354,-2460.92,4925.836
covid,pd1,2,0.5,0.000979,0.000901,0.001065,0.0000442,0.00000647,0.000303,-2458.72,4921.431
covid,pd1,2,1,0.024906,0.022905,0.027082,0.0000453,0.0000066,0.000311,-2469.56,4943.129
covid,pd1,2,1.5,0.485121,0.445814,0.527895,0.0000739,0.0000121,0.000453,-2508.56,5021.112
covid,pd2,1,0,0.000181,0.000164,0.0002,0.000572,0.000197,0.001656,-2064.45,4132.901
covid,pd2,1,0.5,0.005479,0.004968,0.006042,0.000462,0.000144,0.001482,-2045.2,4094.408
covid,pd2,1,1,0.137608,0.124783,0.151751,0.000494,0.000167,0.001457,-2037.34,4078.69
covid,pd2,1,1.5,2.548757,2.301095,2.823074,0.000892,0.000415,0.001917,-2063.35,4130.696
covid,pd2,2,0,0.000034,0.0000307,0.0000376,0.000707,0.000278,0.001795,-2073.27,4150.548
covid,pd2,2,0.5,0.001032,0.000935,0.00114,0.000564,0.000201,0.001586,-2052.62,4109.243
covid,pd2,2,1,0.026054,0.023603,0.028759,0.000579,0.000216,0.00155,-2043.11,4090.217
covid,pd2,2,1.5,0.481538,0.434291,0.533925,0.000996,0.000487,0.002036,-2068.94,4141.886
covid,pd3,1,0,0.000136,0.000125,0.000147,0.0000789,0.000014,0.000445,-2727.89,5459.773
covid,pd3,1,0.5,0.004237,0.003905,0.004596,0.0000922,0.0000172,0.000493,-2729.82,5463.637
covid,pd3,1,1,0.110505,0.101756,0.120007,0.00014,0.0000343,0.00057,-2734.23,5472.459
covid,pd3,1,1.5,2.119851,1.947406,2.307565,0.000319,0.000137,0.000745,-2775.88,5555.758
covid,pd3,2,0,0.0000271,0.000025,0.0000294,0.0000794,0.0000146,0.000433,-2717.03,5438.069
covid,pd3,2,0.5,0.000848,0.000782,0.00092,0.0000908,0.0000174,0.000475,-2718.52,5441.045
covid,pd3,2,1,0.022106,0.020359,0.024003,0.000135,0.0000332,0.000549,-2723.56,5451.114
covid,pd3,2,1.5,0.417513,0.383589,0.454438,0.000318,0.000137,0.000738,-2774.32,5552.644
covid,pd4,1,0,0.000106,0.0000959,0.000118,0.001146,0.000616,0.002131,-2553.18,5110.357
covid,pd4,1,0.5,0.003239,0.002935,0.003574,0.000797,0.000357,0.001779,-2539.21,5082.416
covid,pd4,1,1,0.082246,0.074662,0.090601,0.000669,0.000273,0.001639,-2530.28,5064.566
covid,pd4,1,1.5,1.570219,1.417919,1.738878,0.001034,0.000518,0.002063,-2542.32,5088.631
covid,pd4,2,0,0.0000209,0.0000189,0.0000231,0.001098,0.000579,0.00208,-2551.65,5107.307
covid,pd4,2,0.5,0.000638,0.000578,0.000703,0.000762,0.000335,0.001731,-2536.79,5077.573
covid,pd4,2,1,0.016197,0.014711,0.017834,0.000652,0.000265,0.001603,-2526.99,5057.971
covid,pd4,2,1.5,0.308712,0.278883,0.341731,0.001024,0.000515,0.002039,-2539.39,5082.777
covid,pd5,1,0,0.000173,0.000159,0.000189,0.0000664,0.0000106,0.000415,-2225.63,4455.263
covid,pd5,1,0.5,0.005366,0.004908,0.005867,0.0000772,0.0000134,0.000447,-2215.01,4434.012
covid,pd5,1,1,0.138299,0.126444,0.151264,0.000102,0.0000216,0.00048,-2207.95,4419.894
covid,pd5,1,1.5,2.750801,2.512544,3.011651,0.000172,0.000054,0.000549,-2216.76,4437.516
covid,pd5,2,0,0.0000331,0.0000303,0.0000362,0.0000778,0.0000133,0.000455,-2230.97,4465.946
covid,pd5,2,0.5,0.001028,0.00094,0.001124,0.0000921,0.0000175,0.000484,-2219.47,4442.934
covid,pd5,2,1,0.026515,0.024234,0.029011,0.000122,0.0000291,0.000508,-2211.58,4427.15
covid,pd5,2,1.5,0.527421,0.481567,0.577642,0.000199,0.0000685,0.000579,-2219.69,4443.386
covid,pd6,1,0,0.000163,0.000148,0.00018,0.000407,0.000129,0.001288,-2147.61,4299.221
covid,pd6,1,0.5,0.004842,0.0044,0.00533,0.000336,0.000098,0.001154,-2128.83,4261.658
covid,pd6,1,1,0.12029,0.109285,0.132404,0.000363,0.000115,0.001145,-2121.28,4246.562
covid,pd6,1,1.5,2.188822,1.979218,2.420624,0.000692,0.000306,0.001563,-2154.81,4313.612
covid,pd6,2,0,0.0000322,0.0000292,0.0000355,0.000418,0.000138,0.001266,-2145.85,4295.695
covid,pd6,2,0.5,0.000954,0.000867,0.00105,0.000351,0.000108,0.001139,-2128.08,4260.154
covid,pd6,2,1,0.023625,0.021463,0.026005,0.00038,0.000127,0.001141,-2121.89,4247.784
covid,pd6,2,1.5,0.424571,0.3838,0.469673,0.000727,0.000332,0.001594,-2160.12,4324.242
